id,State,City,Forecast Number,Date,Main Condition,Condition Description,Icon,Low Temperature,High Temperature,Humidity Percentage,Wind MPH,Wind Direction,Rain Inches,Snow Inches,Pressure,Cloud Percent,UTC Timestamp,Timezone Offset
1,Alaska,Anchorage,1,Tue 3/29,Clouds,overcast clouds,http://openweathermap.org/img/wn/04d@2x.png,29.73,36.88,83,6,N,0,0,1003,98,1648591200,-28800
2,Alaska,Anchorage,2,Wed 3/30,Clouds,overcast clouds,http://openweathermap.org/img/wn/04d@2x.png,29.98,36.25,88,6,NE,0,0,1008,96,1648677600,-28800
3,Alaska,Anchorage,3,Thu 3/31,Clouds,broken clouds,http://openweathermap.org/img/wn/04d@2x.png,29.89,38.77,72,6,N,0,0,1008,83,1648764000,-28800
4,Alaska,Anchorage,4,Fri 4/1,Clouds,overcast clouds,http://openweathermap.org/img/wn/04d@2x.png,27.95,37.6,76,8,N,0,0,1000,100,1648850400,-28800
5,Alaska,Anchorage,5,Sat 4/2,Clouds,scattered clouds,http://openweathermap.org/img/wn/03d@2x.png,31.24,36.01,82,5,SE,0,0,998,40,1648936800,-28800
6,Alaska,Fairbanks,1,Tue 3/29,Snow,light snow,http://openweathermap.org/img/wn/13d@2x.png,16.32,30.94,86,4,N,0,0.51,1004,100,1648587600,-28800
7,Alaska,Fairbanks,2,Wed 3/30,Snow,light snow,http://openweathermap.org/img/wn/13d@2x.png,15.42,29.62,85,6,N,0,0.56,1012,99,1648674000,-28800
8,Alaska,Fairbanks,3,Thu 3/31,Clear,sky is clear,http://openweathermap.org/img/wn/01d@2x.png,5.36,31.53,69,7,N,0,0,1013,1,1648760400,-28800
9,Alaska,Fairbanks,4,Fri 4/1,Clear,sky is clear,http://openweathermap.org/img/wn/01d@2x.png,1.04,28.22,69,7,N,0,0,1006,3,1648846800,-28800
10,Alaska,Fairbanks,5,Sat 4/2,Snow,light snow,http://openweathermap.org/img/wn/13d@2x.png,-3.41,18.12,73,5,N,0,1.47,1004,98,1648933200,-28800
11,Alaska,Juneau,1,Tue 3/29,Snow,rain and snow,http://openweathermap.org/img/wn/13d@2x.png,35.24,39.15,99,6,E,5.58,14.84,1006,100,1648587600,-28800
12,Alaska,Juneau,2,Wed 3/30,Snow,rain and snow,http://openweathermap.org/img/wn/13d@2x.png,34.77,37.4,99,8,E,3.16,22.88,1012,100,1648674000,-28800
13,Alaska,Juneau,3,Thu 3/31,Snow,snow,http://openweathermap.org/img/wn/13d@2x.png,31.93,36.99,99,6,NE,0,7.73,1018,100,1648760400,-28800
14,Alaska,Juneau,4,Fri 4/1,Snow,snow,http://openweathermap.org/img/wn/13d@2x.png,30.85,37.15,99,5,NE,0,8.45,1004,100,1648846800,-28800
15,Alaska,Juneau,5,Sat 4/2,Snow,light snow,http://openweathermap.org/img/wn/13d@2x.png,28.33,38.19,92,6,NE,0,1.88,1000,100,1648933200,-28800
16,Colorado,Denver/Boulder,1,Tue 3/29,Snow,rain and snow,http://openweathermap.org/img/wn/13d@2x.png,38.82,52.99,79,9,SW,14.63,0.25,995,100,1648580400,-21600
17,Colorado,Denver/Boulder,2,Wed 3/30,Rain,light rain,http://openweathermap.org/img/wn/10d@2x.png,29.89,48.87,49,18,NW,0.6,0,1004,100,1648666800,-21600
18,Colorado,Denver/Boulder,3,Thu 3/31,Clear,sky is clear,http://openweathermap.org/img/wn/01d@2x.png,32.2,58.77,27,9,SW,0,0,1005,3,1648753200,-21600
19,Colorado,Denver/Boulder,4,Fri 4/1,Clouds,scattered clouds,http://openweathermap.org/img/wn/03d@2x.png,41.45,54.39,27,23,W,0,0,1009,49,1648839600,-21600
20,Colorado,Denver/Boulder,5,Sat 4/2,Clouds,overcast clouds,http://openweathermap.org/img/wn/04d@2x.png,39.42,64.29,28,14,SW,0,0,1010,97,1648926000,-21600
21,Colorado,Grand Junction,1,Tue 3/29,Rain,moderate rain,http://openweathermap.org/img/wn/10d@2x.png,43.79,53.65,71,9,W,11.37,0,1000,100,1648580400,-21600
22,Colorado,Grand Junction,2,Wed 3/30,Clouds,scattered clouds,http://openweathermap.org/img/wn/03d@2x.png,41.05,55.87,38,15,NW,0,0,1007,44,1648666800,-21600
23,Colorado,Grand Junction,3,Thu 3/31,Rain,light rain,http://openweathermap.org/img/wn/10d@2x.png,41.14,59.94,30,9,SW,0.18,0,1009,79,1648753200,-21600
24,Colorado,Grand Junction,4,Fri 4/1,Rain,light rain,http://openweathermap.org/img/wn/10d@2x.png,44.85,60.26,33,5,NW,2.76,0,1013,4,1648839600,-21600
25,Colorado,Grand Junction,5,Sat 4/2,Clear,sky is clear,http://openweathermap.org/img/wn/01d@2x.png,47.48,66.94,30,10,W,0,0,1012,7,1648926000,-21600
26,Colorado,Pueblo,1,Tue 3/29,Rain,moderate rain,http://openweathermap.org/img/wn/10d@2x.png,42.08,65.41,21,29,N,3.75,0,989,100,1648580400,-21600
27,Colorado,Pueblo,2,Wed 3/30,Snow,rain and snow,http://openweathermap.org/img/wn/13d@2x.png,35.85,42.17,52,27,N,0.75,2.62,1006,99,1648666800,-21600
28,Colorado,Pueblo,3,Thu 3/31,Clear,sky is clear,http://openweathermap.org/img/wn/01d@2x.png,35.8,62.08,24,9,SE,0,0,1008,5,1648753200,-21600
29,Colorado,Pueblo,4,Fri 4/1,Rain,light rain,http://openweathermap.org/img/wn/10d@2x.png,46.02,59.38,28,16,E,0.27,0,1007,49,1648839600,-21600
30,Colorado,Pueblo,5,Sat 4/2,Clear,sky is clear,http://openweathermap.org/img/wn/01d@2x.png,40.3,70.56,28,10,SE,0,0,1012,0,1648926000,-21600
31,Illinois,Chicago,1,Tue 3/29,Rain,light rain,http://openweathermap.org/img/wn/10d@2x.png,28.31,39.6,34,16,E,0.13,0,1022,98,1648573200,-18000
32,Illinois,Chicago,2,Wed 3/30,Rain,heavy intensity rain,http://openweathermap.org/img/wn/10d@2x.png,40.03,60.85,92,22,S,19.93,0,994,100,1648659600,-18000
33,Illinois,Chicago,3,Thu 3/31,Snow,rain and snow,http://openweathermap.org/img/wn/13d@2x.png,34.18,45.16,89,20,SW,4.17,2.96,998,100,1648746000,-18000
34,Illinois,Chicago,4,Fri 4/1,Clear,sky is clear,http://openweathermap.org/img/wn/01d@2x.png,30.18,46.78,45,11,W,0,0,1018,6,1648832400,-18000
35,Illinois,Chicago,5,Sat 4/2,Rain,moderate rain,http://openweathermap.org/img/wn/10d@2x.png,35.98,46.26,92,16,NW,4.62,0,1010,100,1648918800,-18000
36,Illinois,Lincoln,1,Tue 3/29,Clouds,overcast clouds,http://openweathermap.org/img/wn/04d@2x.png,32.54,49.98,53,20,E,0,0,1016,100,1648576800,-18000
37,Illinois,Lincoln,2,Wed 3/30,Rain,heavy intensity rain,http://openweathermap.org/img/wn/10d@2x.png,47.57,62.19,88,28,SE,18.77,0,992,100,1648663200,-18000
38,Illinois,Lincoln,3,Thu 3/31,Snow,rain and snow,http://openweathermap.org/img/wn/13d@2x.png,35.26,41.43,83,19,SW,0.78,1.14,1002,99,1648749600,-18000
39,Illinois,Lincoln,4,Fri 4/1,Clear,sky is clear,http://openweathermap.org/img/wn/01d@2x.png,29.62,49.26,46,11,W,0,0,1019,8,1648836000,-18000
40,Illinois,Lincoln,5,Sat 4/2,Rain,light rain,http://openweathermap.org/img/wn/10d@2x.png,38.43,53.26,88,21,NW,0.54,0,1012,100,1648922400,-18000
41,Indiana,Indianapolis,1,Tue 3/29,Snow,light snow,http://openweathermap.org/img/wn/13d@2x.png,31.91,41.2,40,15,E,0,0.64,1023,100,1648573200,-14400
42,Indiana,Indianapolis,2,Wed 3/30,Rain,heavy intensity rain,http://openweathermap.org/img/wn/10d@2x.png,42.46,68.97,63,27,S,18.94,0,1001,100,1648659600,-14400
43,Indiana,Indianapolis,3,Thu 3/31,Rain,moderate rain,http://openweathermap.org/img/wn/10d@2x.png,39.51,54.46,69,21,S,7.94,0,1001,100,1648746000,-14400
44,Indiana,Indianapolis,4,Fri 4/1,Clouds,broken clouds,http://openweathermap.org/img/wn/04d@2x.png,32.99,48.78,42,12,W,0,0,1018,64,1648832400,-14400
45,Indiana,Indianapolis,5,Sat 4/2,Rain,light rain,http://openweathermap.org/img/wn/10d@2x.png,36.34,52.5,54,17,W,1.06,0,1013,99,1648918800,-14400
46,Indiana,Northern Indiana,1,Tue 3/29,Clouds,overcast clouds,http://openweathermap.org/img/wn/04d@2x.png,22.35,41.59,29,18,E,0,0,1024,93,1648573200,-14400
47,Indiana,Northern Indiana,2,Wed 3/30,Rain,moderate rain,http://openweathermap.org/img/wn/10d@2x.png,37.31,66.16,75,25,S,4.74,0,999,100,1648659600,-14400
48,Indiana,Northern Indiana,3,Thu 3/31,Snow,rain and snow,http://openweathermap.org/img/wn/13d@2x.png,33.57,54.12,81,25,S,4.45,0.82,997,100,1648746000,-14400
49,Indiana,Northern Indiana,4,Fri 4/1,Snow,light snow,http://openweathermap.org/img/wn/13d@2x.png,30.65,40.98,55,16,W,0,1.52,1017,95,1648832400,-14400
50,Indiana,Northern Indiana,5,Sat 4/2,Rain,light rain,http://openweathermap.org/img/wn/10d@2x.png,31.41,50.32,55,19,NW,3.8,0,1012,90,1648918800,-14400
51,Iowa,Davenport/Quad Cities,1,Tue 3/29,Rain,light rain,http://openweathermap.org/img/wn/10d@2x.png,30.22,42.75,57,19,E,0.68,0,1015,93,1648576800,-18000
52,Iowa,Davenport/Quad Cities,2,Wed 3/30,Rain,moderate rain,http://openweathermap.org/img/wn/10d@2x.png,38.7,60.13,94,22,S,21,0,989,100,1648663200,-18000
53,Iowa,Davenport/Quad Cities,3,Thu 3/31,Snow,rain and snow,http://openweathermap.org/img/wn/13d@2x.png,32.83,37.62,73,19,SW,0.15,1.86,1001,100,1648749600,-18000
54,Iowa,Davenport/Quad Cities,4,Fri 4/1,Clouds,few clouds,http://openweathermap.org/img/wn/02d@2x.png,28.24,47.98,49,10,W,0,0,1018,15,1648836000,-18000
55,Iowa,Davenport/Quad Cities,5,Sat 4/2,Rain,light rain,http://openweathermap.org/img/wn/10d@2x.png,37.6,49.24,70,21,NW,2.6,0,1013,97,1648922400,-18000
56,Iowa,Des Moines,1,Tue 3/29,Rain,moderate rain,http://openweathermap.org/img/wn/10d@2x.png,34.09,55.99,63,21,E,2.58,0,1007,100,1648576800,-18000
57,Iowa,Des Moines,2,Wed 3/30,Snow,rain and snow,http://openweathermap.org/img/wn/13d@2x.png,34.88,60.67,82,22,S,6.23,0.53,993,100,1648663200,-18000
58,Iowa,Des Moines,3,Thu 3/31,Snow,rain and snow,http://openweathermap.org/img/wn/13d@2x.png,31.98,43.05,64,19,NW,0.11,1.32,1006,99,1648749600,-18000
59,Iowa,Des Moines,4,Fri 4/1,Clouds,scattered clouds,http://openweathermap.org/img/wn/03d@2x.png,29.52,54.73,41,12,SE,0,0,1016,33,1648836000,-18000
60,Iowa,Des Moines,5,Sat 4/2,Rain,moderate rain,http://openweathermap.org/img/wn/10d@2x.png,42.6,58.1,42,18,NW,5.05,0,1017,40,1648922400,-18000
61,Kansas,Dodge City,1,Tue 3/29,Clear,sky is clear,http://openweathermap.org/img/wn/01d@2x.png,51.85,78.04,20,33,S,0,0,992,6,1648576800,-18000
62,Kansas,Dodge City,2,Wed 3/30,Snow,rain and snow,http://openweathermap.org/img/wn/13d@2x.png,38.8,54.99,33,31,NW,1.67,0.35,1003,51,1648663200,-18000
63,Kansas,Dodge City,3,Thu 3/31,Clouds,scattered clouds,http://openweathermap.org/img/wn/03d@2x.png,35.22,59.74,25,16,NW,0,0,1011,43,1648749600,-18000
64,Kansas,Dodge City,4,Fri 4/1,Rain,moderate rain,http://openweathermap.org/img/wn/10d@2x.png,44.6,71.53,26,28,S,3.5,0,1006,100,1648836000,-18000
65,Kansas,Dodge City,5,Sat 4/2,Clear,sky is clear,http://openweathermap.org/img/wn/01d@2x.png,37.27,66.2,25,17,SE,0,0,1017,0,1648922400,-18000
66,Kansas,Goodland,1,Tue 3/29,Rain,light rain,http://openweathermap.org/img/wn/10d@2x.png,35.44,65.44,39,33,NW,0.12,0,990,50,1648576800,-21600
67,Kansas,Goodland,2,Wed 3/30,Rain,light rain,http://openweathermap.org/img/wn/10d@2x.png,32.77,47.93,30,32,NW,0.11,0,1006,58,1648663200,-21600
68,Kansas,Goodland,3,Thu 3/31,Clear,sky is clear,http://openweathermap.org/img/wn/01d@2x.png,29.98,59.95,22,14,NW,0,0,1009,5,1648749600,-21600
69,Kansas,Goodland,4,Fri 4/1,Clouds,overcast clouds,http://openweathermap.org/img/wn/04d@2x.png,41.25,54.77,40,25,NW,0,0,1008,85,1648836000,-21600
70,Kansas,Goodland,5,Sat 4/2,Clear,sky is clear,http://openweathermap.org/img/wn/01d@2x.png,36.97,68.23,28,22,S,0,0,1014,5,1648922400,-21600
71,Kansas,Topeka,1,Tue 3/29,Rain,moderate rain,http://openweathermap.org/img/wn/10d@2x.png,46.26,79.43,56,27,S,3.64,0,998,100,1648576800,-18000
72,Kansas,Topeka,2,Wed 3/30,Rain,moderate rain,http://openweathermap.org/img/wn/10d@2x.png,40.57,65.79,88,22,NW,4.75,0,998,100,1648663200,-18000
73,Kansas,Topeka,3,Thu 3/31,Snow,light snow,http://openweathermap.org/img/wn/13d@2x.png,35.58,51.13,46,18,NW,0,0.18,1009,74,1648749600,-18000
74,Kansas,Topeka,4,Fri 4/1,Rain,light rain,http://openweathermap.org/img/wn/10d@2x.png,36.61,64.4,41,19,SE,0.21,0,1014,5,1648836000,-18000
75,Kansas,Topeka,5,Sat 4/2,Rain,moderate rain,http://openweathermap.org/img/wn/10d@2x.png,40.37,62.8,39,21,SW,3.05,0,1019,2,1648922400,-18000
76,Kansas,Wichita,1,Tue 3/29,Rain,light rain,http://openweathermap.org/img/wn/10d@2x.png,57.51,80.64,44,25,SE,0.92,0,997,95,1648576800,-18000
77,Kansas,Wichita,2,Wed 3/30,Rain,light rain,http://openweathermap.org/img/wn/10d@2x.png,39.92,65.21,53,24,NW,1.08,0,999,100,1648663200,-18000
78,Kansas,Wichita,3,Thu 3/31,Clouds,broken clouds,http://openweathermap.org/img/wn/04d@2x.png,36.77,57.63,33,16,NW,0,0,1011,62,1648749600,-18000
79,Kansas,Wichita,4,Fri 4/1,Rain,light rain,http://openweathermap.org/img/wn/10d@2x.png,41.29,67.42,39,18,S,0.37,0,1012,72,1648836000,-18000
80,Kansas,Wichita,5,Sat 4/2,Clear,sky is clear,http://openweathermap.org/img/wn/01d@2x.png,41.09,67.77,25,13,NW,0,0,1019,0,1648922400,-18000
81,Kentucky,Jackson,1,Tue 3/29,Clouds,overcast clouds,http://openweathermap.org/img/wn/04d@2x.png,29.43,51.4,32,8,NE,0,0,1023,100,1648573200,-14400
82,Kentucky,Jackson,2,Wed 3/30,Clouds,overcast clouds,http://openweathermap.org/img/wn/04d@2x.png,43.36,71.28,39,20,S,0,0,1011,97,1648659600,-14400
83,Kentucky,Jackson,3,Thu 3/31,Rain,moderate rain,http://openweathermap.org/img/wn/10d@2x.png,46.69,64.89,85,19,SW,6.08,0,1004,49,1648746000,-14400
84,Kentucky,Jackson,4,Fri 4/1,Rain,light rain,http://openweathermap.org/img/wn/10d@2x.png,37.94,51.3,39,14,W,0.8,0,1018,40,1648832400,-14400
85,Kentucky,Jackson,5,Sat 4/2,Rain,light rain,http://openweathermap.org/img/wn/10d@2x.png,36.09,61.93,37,12,W,0.19,0,1015,99,1648918800,-14400
86,Kentucky,Louisville,1,Tue 3/29,Clouds,overcast clouds,http://openweathermap.org/img/wn/04d@2x.png,34.54,49.23,48,12,E,0,0,1022,100,1648573200,-14400
87,Kentucky,Louisville,2,Wed 3/30,Rain,moderate rain,http://openweathermap.org/img/wn/10d@2x.png,46.69,72.3,56,26,SE,8.14,0,1006,100,1648659600,-14400
88,Kentucky,Louisville,3,Thu 3/31,Rain,moderate rain,http://openweathermap.org/img/wn/10d@2x.png,41.88,55.62,49,19,SW,4.34,0,1003,41,1648746000,-14400
89,Kentucky,Louisville,4,Fri 4/1,Clear,sky is clear,http://openweathermap.org/img/wn/01d@2x.png,34.81,51.87,42,11,W,0,0,1019,8,1648832400,-14400
90,Kentucky,Louisville,5,Sat 4/2,Rain,light rain,http://openweathermap.org/img/wn/10d@2x.png,37.85,56.93,54,15,W,0.23,0,1014,99,1648918800,-14400
91,Kentucky,Paducah,1,Tue 3/29,Rain,light rain,http://openweathermap.org/img/wn/10d@2x.png,38.48,68.07,63,15,S,0.4,0,1016,100,1648573200,-18000
92,Kentucky,Paducah,2,Wed 3/30,Rain,very heavy rain,http://openweathermap.org/img/wn/10d@2x.png,55.83,70.93,69,29,SE,32.89,0,1000,100,1648659600,-18000
93,Kentucky,Paducah,3,Thu 3/31,Rain,light rain,http://openweathermap.org/img/wn/10d@2x.png,41.5,53.02,56,20,SW,0.5,0,1006,42,1648746000,-18000
94,Kentucky,Paducah,4,Fri 4/1,Clear,sky is clear,http://openweathermap.org/img/wn/01d@2x.png,34.54,55.67,48,7,W,0,0,1020,4,1648832400,-18000
95,Kentucky,Paducah,5,Sat 4/2,Clouds,broken clouds,http://openweathermap.org/img/wn/04d@2x.png,41.22,63.46,61,17,SW,0,0,1015,74,1648918800,-18000
96,Michigan,Detroit/Pontiac,1,Tue 3/29,Clouds,scattered clouds,http://openweathermap.org/img/wn/03d@2x.png,18.01,37.63,21,11,E,0,0,1026,35,1648573200,-14400
97,Michigan,Detroit/Pontiac,2,Wed 3/30,Snow,rain and snow,http://openweathermap.org/img/wn/13d@2x.png,29.39,58.78,87,19,SE,0.16,3.86,1004,100,1648659600,-14400
98,Michigan,Detroit/Pontiac,3,Thu 3/31,Rain,light rain,http://openweathermap.org/img/wn/10d@2x.png,32.56,56.79,72,24,S,2.93,0,994,100,1648746000,-14400
99,Michigan,Detroit/Pontiac,4,Fri 4/1,Snow,light snow,http://openweathermap.org/img/wn/13d@2x.png,29.77,40.44,52,16,W,0,0.12,1013,100,1648832400,-14400
100,Michigan,Detroit/Pontiac,5,Sat 4/2,Rain,moderate rain,http://openweathermap.org/img/wn/10d@2x.png,29.84,48.49,37,10,S,3.96,0,1014,62,1648918800,-14400
101,Michigan,Gaylord,1,Tue 3/29,Clouds,broken clouds,http://openweathermap.org/img/wn/04d@2x.png,5.02,35.49,51,13,SE,0,0,1025,64,1648573200,-14400
102,Michigan,Gaylord,2,Wed 3/30,Snow,rain and snow,http://openweathermap.org/img/wn/13d@2x.png,25.68,49.19,99,21,SE,12.32,6.15,1001,100,1648659600,-14400
103,Michigan,Gaylord,3,Thu 3/31,Snow,rain and snow,http://openweathermap.org/img/wn/13d@2x.png,25.79,48.47,81,19,S,7.76,1.6,989,100,1648746000,-14400
104,Michigan,Gaylord,4,Fri 4/1,Snow,light snow,http://openweathermap.org/img/wn/13d@2x.png,22.55,32.81,59,16,NW,0,0.7,1013,100,1648832400,-14400
105,Michigan,Gaylord,5,Sat 4/2,Snow,light snow,http://openweathermap.org/img/wn/13d@2x.png,25.63,41.11,52,9,S,0,0.8,1013,84,1648918800,-14400
106,Michigan,Grand Rapids,1,Tue 3/29,Snow,rain and snow,http://openweathermap.org/img/wn/13d@2x.png,19.4,43.39,24,15,E,0.27,0.3,1024,47,1648573200,-14400
107,Michigan,Grand Rapids,2,Wed 3/30,Rain,light rain,http://openweathermap.org/img/wn/10d@2x.png,31.73,62.51,90,22,SE,5.81,0,999,100,1648659600,-14400
108,Michigan,Grand Rapids,3,Thu 3/31,Snow,rain and snow,http://openweathermap.org/img/wn/13d@2x.png,32.23,53.73,91,24,SW,7.16,2.26,994,100,1648746000,-14400
109,Michigan,Grand Rapids,4,Fri 4/1,Clouds,overcast clouds,http://openweathermap.org/img/wn/04d@2x.png,28.11,39.29,51,15,W,0,0,1015,85,1648832400,-14400
110,Michigan,Grand Rapids,5,Sat 4/2,Rain,moderate rain,http://openweathermap.org/img/wn/10d@2x.png,28.94,48.99,49,12,NW,9.66,0,1012,78,1648918800,-14400
111,Michigan,Marquette,1,Tue 3/29,Clouds,overcast clouds,http://openweathermap.org/img/wn/04d@2x.png,0.66,32.61,77,12,SE,0,0,1022,95,1648573200,-14400
112,Michigan,Marquette,2,Wed 3/30,Snow,rain and snow,http://openweathermap.org/img/wn/13d@2x.png,26.89,32.14,99,14,SE,3.38,14.86,998,100,1648659600,-14400
113,Michigan,Marquette,3,Thu 3/31,Snow,snow,http://openweathermap.org/img/wn/13d@2x.png,24.73,28.67,95,21,N,0,39.08,993,100,1648746000,-14400
114,Michigan,Marquette,4,Fri 4/1,Snow,light snow,http://openweathermap.org/img/wn/13d@2x.png,18.7,31.12,84,12,NW,0,1.37,1015,78,1648832400,-14400
115,Michigan,Marquette,5,Sat 4/2,Snow,light snow,http://openweathermap.org/img/wn/13d@2x.png,25.45,33.31,100,9,W,0,0.81,1012,100,1648918800,-14400
116,Minnesota,Duluth,1,Tue 3/29,Snow,snow,http://openweathermap.org/img/wn/13d@2x.png,18.99,37.36,57,12,SE,0,0.91,1013,98,1648576800,-18000
117,Minnesota,Duluth,2,Wed 3/30,Snow,snow,http://openweathermap.org/img/wn/13d@2x.png,27.66,31.24,98,15,N,0,17.01,997,100,1648663200,-18000
118,Minnesota,Duluth,3,Thu 3/31,Clouds,overcast clouds,http://openweathermap.org/img/wn/04d@2x.png,21.9,31.68,83,15,NW,0,0,1003,92,1648749600,-18000
119,Minnesota,Duluth,4,Fri 4/1,Snow,light snow,http://openweathermap.org/img/wn/13d@2x.png,15.06,35.47,74,7,S,0,1.03,1015,27,1648836000,-18000
120,Minnesota,Duluth,5,Sat 4/2,Snow,light snow,http://openweathermap.org/img/wn/13d@2x.png,27.18,35.2,74,12,W,0,0.36,1014,90,1648922400,-18000
121,Minnesota,Chanhassen/Twin Cities,1,Tue 3/29,Rain,moderate rain,http://openweathermap.org/img/wn/10d@2x.png,30.47,39.63,46,17,SE,2.45,0,1010,99,1648576800,-18000
122,Minnesota,Chanhassen/Twin Cities,2,Wed 3/30,Snow,rain and snow,http://openweathermap.org/img/wn/13d@2x.png,31.62,32.74,96,18,NW,14.37,14.03,994,100,1648663200,-18000
123,Minnesota,Chanhassen/Twin Cities,3,Thu 3/31,Snow,snow,http://openweathermap.org/img/wn/13d@2x.png,23.99,32.07,92,18,NW,0,2.97,1005,99,1648749600,-18000
124,Minnesota,Chanhassen/Twin Cities,4,Fri 4/1,Clouds,broken clouds,http://openweathermap.org/img/wn/04d@2x.png,14.92,34.77,96,5,S,0,0,1017,52,1648836000,-18000
125,Minnesota,Chanhassen/Twin Cities,5,Sat 4/2,Snow,rain and snow,http://openweathermap.org/img/wn/13d@2x.png,31.93,40.3,87,11,W,0.37,0.27,1017,67,1648922400,-18000
126,Missouri,Kansas City/Pleasant Hill,1,Tue 3/29,Rain,light rain,http://openweathermap.org/img/wn/10d@2x.png,44.74,74.23,67,24,S,0.26,0,1002,100,1648576800,-18000
127,Missouri,Kansas City/Pleasant Hill,2,Wed 3/30,Rain,heavy intensity rain,http://openweathermap.org/img/wn/10d@2x.png,41.25,63.95,84,26,S,27.18,0,994,100,1648663200,-18000
128,Missouri,Kansas City/Pleasant Hill,3,Thu 3/31,Clouds,overcast clouds,http://openweathermap.org/img/wn/04d@2x.png,34.86,49.71,53,16,W,0,0,1009,100,1648749600,-18000
129,Missouri,Kansas City/Pleasant Hill,4,Fri 4/1,Clear,sky is clear,http://openweathermap.org/img/wn/01d@2x.png,33.82,61.41,43,12,SE,0,0,1017,5,1648836000,-18000
130,Missouri,Kansas City/Pleasant Hill,5,Sat 4/2,Rain,light rain,http://openweathermap.org/img/wn/10d@2x.png,44.78,62.38,40,20,W,2.78,0,1019,17,1648922400,-18000
131,Missouri,Springfield,1,Tue 3/29,Clouds,overcast clouds,http://openweathermap.org/img/wn/04d@2x.png,44.53,71.2,66,22,S,0,0,1006,100,1648576800,-18000
132,Missouri,Springfield,2,Wed 3/30,Rain,heavy intensity rain,http://openweathermap.org/img/wn/10d@2x.png,40.03,63.09,85,21,SE,26.82,0,993,96,1648663200,-18000
133,Missouri,Springfield,3,Thu 3/31,Clouds,broken clouds,http://openweathermap.org/img/wn/04d@2x.png,34.54,46.4,67,17,W,0,0,1010,56,1648749600,-18000
134,Missouri,Springfield,4,Fri 4/1,Clouds,scattered clouds,http://openweathermap.org/img/wn/03d@2x.png,34.7,61.23,42,10,SE,0,0,1017,31,1648836000,-18000
135,Missouri,Springfield,5,Sat 4/2,Clear,sky is clear,http://openweathermap.org/img/wn/01d@2x.png,46.56,61.34,45,14,W,0,0,1019,0,1648922400,-18000
136,Missouri,St. Louis,1,Tue 3/29,Rain,light rain,http://openweathermap.org/img/wn/10d@2x.png,39.99,65.05,60,18,SE,0.56,0,1012,98,1648576800,-18000
137,Missouri,St. Louis,2,Wed 3/30,Rain,moderate rain,http://openweathermap.org/img/wn/10d@2x.png,44.91,63.9,84,24,S,14.99,0,993,100,1648663200,-18000
138,Missouri,St. Louis,3,Thu 3/31,Rain,light rain,http://openweathermap.org/img/wn/10d@2x.png,38.08,43.05,64,16,W,0.41,0,1006,97,1648749600,-18000
139,Missouri,St. Louis,4,Fri 4/1,Clear,sky is clear,http://openweathermap.org/img/wn/01d@2x.png,31.12,56.86,38,9,SE,0,0,1019,7,1648836000,-18000
140,Missouri,St. Louis,5,Sat 4/2,Rain,light rain,http://openweathermap.org/img/wn/10d@2x.png,44.4,58.87,63,17,NW,0.63,0,1016,79,1648922400,-18000
141,Nebraska,Hastings,1,Tue 3/29,Rain,light rain,http://openweathermap.org/img/wn/10d@2x.png,36.75,80.02,74,23,S,1.05,0,994,100,1648576800,-18000
142,Nebraska,Hastings,2,Wed 3/30,Snow,rain and snow,http://openweathermap.org/img/wn/13d@2x.png,32.56,48.11,48,25,NW,0.54,0.48,1002,98,1648663200,-18000
143,Nebraska,Hastings,3,Thu 3/31,Snow,light snow,http://openweathermap.org/img/wn/13d@2x.png,28.6,51.87,39,16,NW,0,1.37,1010,4,1648749600,-18000
144,Nebraska,Hastings,4,Fri 4/1,Rain,light rain,http://openweathermap.org/img/wn/10d@2x.png,33.93,65.86,30,21,NW,0.87,0,1008,73,1648836000,-18000
145,Nebraska,Hastings,5,Sat 4/2,Clouds,scattered clouds,http://openweathermap.org/img/wn/03d@2x.png,36.05,64.8,27,17,SE,0,0,1017,35,1648922400,-18000
146,Nebraska,North Platte,1,Tue 3/29,Rain,light rain,http://openweathermap.org/img/wn/10d@2x.png,35.46,63.5,55,34,NW,0.29,0,992,97,1648576800,-18000
147,Nebraska,North Platte,2,Wed 3/30,Snow,rain and snow,http://openweathermap.org/img/wn/13d@2x.png,31.08,40.62,42,31,NW,0.39,0.7,1006,88,1648663200,-18000
148,Nebraska,North Platte,3,Thu 3/31,Snow,light snow,http://openweathermap.org/img/wn/13d@2x.png,29.98,56.23,30,16,NW,0,0.11,1009,34,1648749600,-18000
149,Nebraska,North Platte,4,Fri 4/1,Clouds,overcast clouds,http://openweathermap.org/img/wn/04d@2x.png,38.7,53.37,41,22,NW,0,0,1008,96,1648836000,-18000
150,Nebraska,North Platte,5,Sat 4/2,Clouds,broken clouds,http://openweathermap.org/img/wn/04d@2x.png,37.24,69.37,32,17,S,0,0,1013,58,1648922400,-18000
151,Nebraska,Omaha/Valley,1,Tue 3/29,Rain,light rain,http://openweathermap.org/img/wn/10d@2x.png,37.29,70.34,72,25,SE,0.4,0,999,100,1648576800,-18000
152,Nebraska,Omaha/Valley,2,Wed 3/30,Snow,rain and snow,http://openweathermap.org/img/wn/13d@2x.png,33.3,56.91,72,23,NW,0.47,0.27,998,100,1648663200,-18000
153,Nebraska,Omaha/Valley,3,Thu 3/31,Snow,snow,http://openweathermap.org/img/wn/13d@2x.png,29.32,46.47,51,19,NW,0,2.02,1010,87,1648749600,-18000
154,Nebraska,Omaha/Valley,4,Fri 4/1,Rain,moderate rain,http://openweathermap.org/img/wn/10d@2x.png,31.35,63.86,37,18,NW,7.49,0,1012,69,1648836000,-18000
155,Nebraska,Omaha/Valley,5,Sat 4/2,Rain,light rain,http://openweathermap.org/img/wn/10d@2x.png,37.9,61.43,40,14,W,1.08,0,1018,4,1648922400,-18000
156,North Dakota,Bismarck,1,Tue 3/29,Snow,rain and snow,http://openweathermap.org/img/wn/13d@2x.png,33.03,46.96,53,17,NW,4.13,1.52,1001,100,1648576800,-18000
157,North Dakota,Bismarck,2,Wed 3/30,Snow,light snow,http://openweathermap.org/img/wn/13d@2x.png,26.94,39.83,60,19,NW,0,0.87,1010,100,1648663200,-18000
158,North Dakota,Bismarck,3,Thu 3/31,Clouds,few clouds,http://openweathermap.org/img/wn/02d@2x.png,26.6,45.46,42,7,SE,0,0,1011,14,1648749600,-18000
159,North Dakota,Bismarck,4,Fri 4/1,Rain,light rain,http://openweathermap.org/img/wn/10d@2x.png,36.25,52.81,42,16,W,1.06,0,1011,100,1648836000,-18000
160,North Dakota,Bismarck,5,Sat 4/2,Rain,light rain,http://openweathermap.org/img/wn/10d@2x.png,31.98,55,42,11,SE,0.46,0,1015,80,1648922400,-18000
161,North Dakota,Grand Forks,1,Tue 3/29,Snow,light snow,http://openweathermap.org/img/wn/13d@2x.png,29.89,44.15,50,17,SE,0,0.11,1005,100,1648576800,-18000
162,North Dakota,Grand Forks,2,Wed 3/30,Snow,snow,http://openweathermap.org/img/wn/13d@2x.png,28.67,33.62,84,21,NW,0,2.1,1006,100,1648663200,-18000
163,North Dakota,Grand Forks,3,Thu 3/31,Clouds,scattered clouds,http://openweathermap.org/img/wn/03d@2x.png,23.86,37.27,51,17,NW,0,0,1010,37,1648749600,-18000
164,North Dakota,Grand Forks,4,Fri 4/1,Rain,light rain,http://openweathermap.org/img/wn/10d@2x.png,29.21,48.09,68,14,S,0.18,0,1010,96,1648836000,-18000
165,North Dakota,Grand Forks,5,Sat 4/2,Clouds,broken clouds,http://openweathermap.org/img/wn/04d@2x.png,29.82,44.28,51,9,NW,0,0,1017,53,1648922400,-18000
166,South Dakota,Aberdeen,1,Tue 3/29,Rain,moderate rain,http://openweathermap.org/img/wn/10d@2x.png,36.9,49.66,53,18,SE,9.8,0,1001,100,1648576800,-18000
167,South Dakota,Aberdeen,2,Wed 3/30,Snow,rain and snow,http://openweathermap.org/img/wn/13d@2x.png,29.46,35.15,92,20,NW,5.48,8.84,1005,100,1648663200,-18000
168,South Dakota,Aberdeen,3,Thu 3/31,Clouds,scattered clouds,http://openweathermap.org/img/wn/03d@2x.png,25.75,40.33,57,15,NW,0,0,1011,33,1648749600,-18000
169,South Dakota,Aberdeen,4,Fri 4/1,Rain,moderate rain,http://openweathermap.org/img/wn/10d@2x.png,29.39,41.86,70,8,S,3.76,0,1013,100,1648836000,-18000
170,South Dakota,Aberdeen,5,Sat 4/2,Clouds,scattered clouds,http://openweathermap.org/img/wn/03d@2x.png,31.33,50.52,51,9,E,0,0,1018,38,1648922400,-18000
171,South Dakota,Rapid City,1,Tue 3/29,Snow,rain and snow,http://openweathermap.org/img/wn/13d@2x.png,32.43,60.94,51,33,NW,2.45,3.28,997,100,1648576800,-21600
172,South Dakota,Rapid City,2,Wed 3/30,Snow,light snow,http://openweathermap.org/img/wn/13d@2x.png,27.41,40.33,74,27,NW,0,1.42,1011,100,1648663200,-21600
173,South Dakota,Rapid City,3,Thu 3/31,Clouds,broken clouds,http://openweathermap.org/img/wn/04d@2x.png,26.78,54.88,31,7,E,0,0,1007,66,1648749600,-21600
174,South Dakota,Rapid City,4,Fri 4/1,Snow,rain and snow,http://openweathermap.org/img/wn/13d@2x.png,34.14,49.95,44,18,NW,0.11,4.43,1013,100,1648836000,-21600
175,South Dakota,Rapid City,5,Sat 4/2,Clouds,few clouds,http://openweathermap.org/img/wn/02d@2x.png,36.73,61.57,29,14,SE,0,0,1010,12,1648922400,-21600
176,South Dakota,Sioux Falls,1,Tue 3/29,Rain,moderate rain,http://openweathermap.org/img/wn/10d@2x.png,33.21,41.79,70,18,SE,4.98,0,1003,100,1648576800,-18000
177,South Dakota,Sioux Falls,2,Wed 3/30,Snow,rain and snow,http://openweathermap.org/img/wn/13d@2x.png,30.81,37.6,83,22,NW,2.37,1.19,1000,100,1648663200,-18000
178,South Dakota,Sioux Falls,3,Thu 3/31,Clouds,broken clouds,http://openweathermap.org/img/wn/04d@2x.png,27.23,42.44,50,19,NW,0,0,1009,70,1648749600,-18000
179,South Dakota,Sioux Falls,4,Fri 4/1,Rain,moderate rain,http://openweathermap.org/img/wn/10d@2x.png,27.77,55.45,40,12,N,3.14,0,1012,98,1648836000,-18000
180,South Dakota,Sioux Falls,5,Sat 4/2,Clear,sky is clear,http://openweathermap.org/img/wn/01d@2x.png,33.33,56.88,38,9,NW,0,0,1017,6,1648922400,-18000
181,Wisconsin,Green Bay,1,Tue 3/29,Snow,rain and snow,http://openweathermap.org/img/wn/13d@2x.png,24.01,38.19,39,18,E,0.35,0.31,1022,92,1648573200,-18000
182,Wisconsin,Green Bay,2,Wed 3/30,Rain,moderate rain,http://openweathermap.org/img/wn/10d@2x.png,33.53,42.6,99,19,SE,20.16,0,994,100,1648659600,-18000
183,Wisconsin,Green Bay,3,Thu 3/31,Snow,rain and snow,http://openweathermap.org/img/wn/13d@2x.png,29.14,36.25,72,16,NW,6.39,1.79,994,100,1648746000,-18000
184,Wisconsin,Green Bay,4,Fri 4/1,Clear,sky is clear,http://openweathermap.org/img/wn/01d@2x.png,25.36,41.25,52,11,W,0,0,1016,10,1648832400,-18000
185,Wisconsin,Green Bay,5,Sat 4/2,Snow,rain and snow,http://openweathermap.org/img/wn/13d@2x.png,31.55,37.56,99,10,W,0.9,4.36,1013,100,1648918800,-18000
186,Wisconsin,La Crosse,1,Tue 3/29,Rain,light rain,http://openweathermap.org/img/wn/10d@2x.png,28.85,39.94,35,19,SE,0.18,0,1015,99,1648576800,-18000
187,Wisconsin,La Crosse,2,Wed 3/30,Rain,moderate rain,http://openweathermap.org/img/wn/10d@2x.png,34.75,58.95,88,15,E,17.24,0,988,100,1648663200,-18000
188,Wisconsin,La Crosse,3,Thu 3/31,Snow,snow,http://openweathermap.org/img/wn/13d@2x.png,27.32,33.01,95,18,NW,0,21.18,1001,100,1648749600,-18000
189,Wisconsin,La Crosse,4,Fri 4/1,Clouds,scattered clouds,http://openweathermap.org/img/wn/03d@2x.png,13.44,40.3,91,4,SE,0,0,1018,27,1648836000,-18000
190,Wisconsin,La Crosse,5,Sat 4/2,Snow,snow,http://openweathermap.org/img/wn/13d@2x.png,32.02,35.56,100,9,W,0,23.06,1016,100,1648922400,-18000
191,Wisconsin,Milwaukee/Sullivan,1,Tue 3/29,Clouds,overcast clouds,http://openweathermap.org/img/wn/04d@2x.png,23.16,36.46,39,19,E,0,0,1021,88,1648573200,-18000
192,Wisconsin,Milwaukee/Sullivan,2,Wed 3/30,Rain,moderate rain,http://openweathermap.org/img/wn/10d@2x.png,34.99,56.77,96,19,S,17.44,0,993,100,1648659600,-18000
193,Wisconsin,Milwaukee/Sullivan,3,Thu 3/31,Snow,rain and snow,http://openweathermap.org/img/wn/13d@2x.png,31.62,41.14,82,20,SW,3.46,2.76,997,100,1648746000,-18000
194,Wisconsin,Milwaukee/Sullivan,4,Fri 4/1,Clear,sky is clear,http://openweathermap.org/img/wn/01d@2x.png,25.57,43.68,50,12,NW,0,0,1017,6,1648832400,-18000
195,Wisconsin,Milwaukee/Sullivan,5,Sat 4/2,Snow,rain and snow,http://openweathermap.org/img/wn/13d@2x.png,31.8,39.45,100,13,NW,1.66,6.4,1012,100,1648918800,-18000
196,Wyoming,Cheyenne,1,Tue 3/29,Snow,rain and snow,http://openweathermap.org/img/wn/13d@2x.png,28.35,54.93,74,32,NW,1.52,0.67,995,100,1648580400,-21600
197,Wyoming,Cheyenne,2,Wed 3/30,Clear,sky is clear,http://openweathermap.org/img/wn/01d@2x.png,25.99,41.32,23,27,NW,0,0,1006,4,1648666800,-21600
198,Wyoming,Cheyenne,3,Thu 3/31,Rain,light rain,http://openweathermap.org/img/wn/10d@2x.png,32.16,56.88,16,15,S,0.19,0,1004,5,1648753200,-21600
199,Wyoming,Cheyenne,4,Fri 4/1,Rain,light rain,http://openweathermap.org/img/wn/10d@2x.png,38.01,49.48,47,20,NW,0.14,0,1011,67,1648839600,-21600
200,Wyoming,Cheyenne,5,Sat 4/2,Clouds,overcast clouds,http://openweathermap.org/img/wn/04d@2x.png,36.28,61.88,19,18,SW,0,0,1009,99,1648926000,-21600
201,Wyoming,Riverton,1,Tue 3/29,Clouds,overcast clouds,http://openweathermap.org/img/wn/04d@2x.png,36.63,52.7,62,28,NW,0,0,1003,100,1648580400,-21600
202,Wyoming,Riverton,2,Wed 3/30,Clear,sky is clear,http://openweathermap.org/img/wn/01d@2x.png,29.21,51.03,34,15,N,0,0,1010,3,1648666800,-21600
203,Wyoming,Riverton,3,Thu 3/31,Rain,light rain,http://openweathermap.org/img/wn/10d@2x.png,37.89,55.87,27,20,S,0.5,0,1004,51,1648753200,-21600
204,Wyoming,Riverton,4,Fri 4/1,Rain,light rain,http://openweathermap.org/img/wn/10d@2x.png,33.73,51.12,40,11,NW,0.88,0,1014,75,1648839600,-21600
205,Wyoming,Riverton,5,Sat 4/2,Clouds,broken clouds,http://openweathermap.org/img/wn/04d@2x.png,39.04,59.43,24,23,W,0,0,1010,55,1648926000,-21600
206,Maine,Caribou,1,Tue 3/29,Snow,light snow,http://openweathermap.org/img/wn/13d@2x.png,14.7,22.95,79,17,NW,0,0.34,1009,100,1648569600,-14400
207,Maine,Caribou,2,Wed 3/30,Clouds,broken clouds,http://openweathermap.org/img/wn/04d@2x.png,14.54,31.98,82,14,W,0,0,1015,82,1648656000,-14400
208,Maine,Caribou,3,Thu 3/31,Snow,rain and snow,http://openweathermap.org/img/wn/13d@2x.png,18.99,36.25,99,12,SE,0.28,0.35,1012,100,1648742400,-14400
209,Maine,Caribou,4,Fri 4/1,Snow,rain and snow,http://openweathermap.org/img/wn/13d@2x.png,29.75,37.96,100,6,SW,2.01,0.55,997,100,1648828800,-14400
210,Maine,Caribou,5,Sat 4/2,Clouds,overcast clouds,http://openweathermap.org/img/wn/04d@2x.png,25.56,33.4,80,18,W,0,0,1003,94,1648915200,-14400
211,Maine,Gray/Portland,1,Tue 3/29,Clouds,scattered clouds,http://openweathermap.org/img/wn/03d@2x.png,18.52,34.25,34,13,NW,0,0,1013,30,1648569600,-14400
212,Maine,Gray/Portland,2,Wed 3/30,Snow,light snow,http://openweathermap.org/img/wn/13d@2x.png,23.27,44.89,28,10,W,0,0.59,1018,35,1648656000,-14400
213,Maine,Gray/Portland,3,Thu 3/31,Rain,moderate rain,http://openweathermap.org/img/wn/10d@2x.png,33.42,45.59,96,7,S,7.4,0,1012,100,1648742400,-14400
214,Maine,Gray/Portland,4,Fri 4/1,Rain,light rain,http://openweathermap.org/img/wn/10d@2x.png,35.08,57.02,64,12,SW,0.94,0,997,55,1648828800,-14400
215,Maine,Gray/Portland,5,Sat 4/2,Clear,sky is clear,http://openweathermap.org/img/wn/01d@2x.png,31.73,47.62,42,15,NW,0,0,1009,7,1648915200,-14400
216,Massachusetts,Boston,1,Tue 3/29,Clouds,scattered clouds,http://openweathermap.org/img/wn/03d@2x.png,18.45,39.49,32,12,W,0,0,1016,26,1648569600,-14400
217,Massachusetts,Boston,2,Wed 3/30,Snow,rain and snow,http://openweathermap.org/img/wn/13d@2x.png,25.14,47.12,29,11,NW,0.17,0.19,1020,73,1648656000,-14400
218,Massachusetts,Boston,3,Thu 3/31,Rain,light rain,http://openweathermap.org/img/wn/10d@2x.png,32.05,58.06,90,17,S,1.42,0,1011,100,1648742400,-14400
219,Massachusetts,Boston,4,Fri 4/1,Rain,light rain,http://openweathermap.org/img/wn/10d@2x.png,37.76,61.63,52,15,SW,0.95,0,999,68,1648828800,-14400
220,Massachusetts,Boston,5,Sat 4/2,Clear,sky is clear,http://openweathermap.org/img/wn/01d@2x.png,33.85,53.26,39,13,W,0,0,1013,3,1648915200,-14400
221,New Jersey,Mount Holly/Philadelphia,1,Tue 3/29,Clouds,few clouds,http://openweathermap.org/img/wn/02d@2x.png,24.57,42.1,28,15,W,0,0,1022,13,1648573200,-14400
222,New Jersey,Mount Holly/Philadelphia,2,Wed 3/30,Clouds,broken clouds,http://openweathermap.org/img/wn/04d@2x.png,26.76,44.26,38,8,S,0,0,1023,84,1648659600,-14400
223,New Jersey,Mount Holly/Philadelphia,3,Thu 3/31,Rain,light rain,http://openweathermap.org/img/wn/10d@2x.png,46.38,67.53,72,19,S,2.66,0,1005,100,1648746000,-14400
224,New Jersey,Mount Holly/Philadelphia,4,Fri 4/1,Rain,light rain,http://openweathermap.org/img/wn/10d@2x.png,40.62,59.07,43,17,W,0.84,0,1005,78,1648832400,-14400
225,New Jersey,Mount Holly/Philadelphia,5,Sat 4/2,Clouds,broken clouds,http://openweathermap.org/img/wn/04d@2x.png,34.93,54.3,31,13,W,0,0,1017,62,1648918800,-14400
226,New York,Albany,1,Tue 3/29,Clouds,broken clouds,http://openweathermap.org/img/wn/04d@2x.png,17.74,34.43,31,14,W,0,0,1019,60,1648573200,-14400
227,New York,Albany,2,Wed 3/30,Snow,rain and snow,http://openweathermap.org/img/wn/13d@2x.png,23.54,39.69,31,8,W,0.16,1.02,1023,100,1648656000,-14400
228,New York,Albany,3,Thu 3/31,Rain,moderate rain,http://openweathermap.org/img/wn/10d@2x.png,32.61,52,98,9,SE,16.14,0,1007,100,1648742400,-14400
229,New York,Albany,4,Fri 4/1,Rain,light rain,http://openweathermap.org/img/wn/10d@2x.png,32.41,45.73,74,15,W,1.37,0,1002,61,1648828800,-14400
230,New York,Albany,5,Sat 4/2,Clear,sky is clear,http://openweathermap.org/img/wn/01d@2x.png,30.94,49.01,45,14,W,0,0,1016,9,1648915200,-14400
231,New York,Binghamton,1,Tue 3/29,Clouds,overcast clouds,http://openweathermap.org/img/wn/04d@2x.png,15.39,28.65,57,15,NW,0,0,1023,100,1648573200,-14400
232,New York,Binghamton,2,Wed 3/30,Snow,rain and snow,http://openweathermap.org/img/wn/13d@2x.png,14.9,39,69,13,SE,0.26,1.43,1020,100,1648659600,-14400
233,New York,Binghamton,3,Thu 3/31,Rain,light rain,http://openweathermap.org/img/wn/10d@2x.png,41.09,59.07,90,16,SE,5.49,0,1000,100,1648746000,-14400
234,New York,Binghamton,4,Fri 4/1,Snow,rain and snow,http://openweathermap.org/img/wn/13d@2x.png,29.73,44.29,70,16,W,0.84,1,1004,93,1648832400,-14400
235,New York,Binghamton,5,Sat 4/2,Clouds,overcast clouds,http://openweathermap.org/img/wn/04d@2x.png,28.15,47.75,46,13,W,0,0,1016,100,1648918800,-14400
236,New York,Buffalo,1,Tue 3/29,Clouds,overcast clouds,http://openweathermap.org/img/wn/04d@2x.png,18.1,31.64,53,10,W,0,0,1026,95,1648573200,-14400
237,New York,Buffalo,2,Wed 3/30,Snow,snow,http://openweathermap.org/img/wn/13d@2x.png,24.04,49.05,83,16,SE,0,1.49,1013,100,1648659600,-14400
238,New York,Buffalo,3,Thu 3/31,Rain,light rain,http://openweathermap.org/img/wn/10d@2x.png,43.56,65.95,61,21,S,2.19,0,994,17,1648746000,-14400
239,New York,Buffalo,4,Fri 4/1,Snow,rain and snow,http://openweathermap.org/img/wn/13d@2x.png,30.94,38.62,55,19,SW,0.12,0.62,1007,93,1648832400,-14400
240,New York,Buffalo,5,Sat 4/2,Clouds,broken clouds,http://openweathermap.org/img/wn/04d@2x.png,28.85,45.54,34,8,W,0,0,1016,80,1648918800,-14400
241,New York,New York/Upton,1,Tue 3/29,Clear,sky is clear,http://openweathermap.org/img/wn/01d@2x.png,24.1,37.27,44,21,W,0,0,1020,8,1648569600,-14400
242,New York,New York/Upton,2,Wed 3/30,Clouds,overcast clouds,http://openweathermap.org/img/wn/04d@2x.png,30.51,40.66,42,15,NW,0,0,1023,100,1648656000,-14400
243,New York,New York/Upton,3,Thu 3/31,Rain,light rain,http://openweathermap.org/img/wn/10d@2x.png,44.8,53.53,84,28,S,2.16,0,1011,100,1648742400,-14400
244,New York,New York/Upton,4,Fri 4/1,Rain,light rain,http://openweathermap.org/img/wn/10d@2x.png,41.38,52.36,62,22,W,1.13,0,1003,71,1648828800,-14400
245,New York,New York/Upton,5,Sat 4/2,Clear,sky is clear,http://openweathermap.org/img/wn/01d@2x.png,36.21,48.87,49,23,W,0,0,1016,6,1648915200,-14400
246,North Carolina,Newport/Morehead City,1,Tue 3/29,Clouds,broken clouds,http://openweathermap.org/img/wn/04d@2x.png,34.95,53.38,23,13,N,0,0,1026,76,1648573200,-14400
247,North Carolina,Newport/Morehead City,2,Wed 3/30,Clouds,overcast clouds,http://openweathermap.org/img/wn/04d@2x.png,47.79,64.24,57,15,S,0,0,1023,99,1648659600,-14400
248,North Carolina,Newport/Morehead City,3,Thu 3/31,Rain,moderate rain,http://openweathermap.org/img/wn/10d@2x.png,65.16,69.46,83,24,S,24.19,0,1012,100,1648746000,-14400
249,North Carolina,Newport/Morehead City,4,Fri 4/1,Rain,light rain,http://openweathermap.org/img/wn/10d@2x.png,54.57,71.22,38,16,W,2.42,0,1011,0,1648832400,-14400
250,North Carolina,Newport/Morehead City,5,Sat 4/2,Rain,light rain,http://openweathermap.org/img/wn/10d@2x.png,47.23,58.37,49,9,N,0.1,0,1020,73,1648918800,-14400
251,North Carolina,Raleigh,1,Tue 3/29,Clouds,overcast clouds,http://openweathermap.org/img/wn/04d@2x.png,32.9,53.31,23,13,N,0,0,1027,100,1648573200,-14400
252,North Carolina,Raleigh,2,Wed 3/30,Clouds,overcast clouds,http://openweathermap.org/img/wn/04d@2x.png,42.03,63.32,75,15,SE,0,0,1021,100,1648659600,-14400
253,North Carolina,Raleigh,3,Thu 3/31,Rain,heavy intensity rain,http://openweathermap.org/img/wn/10d@2x.png,63.55,67.42,94,19,S,25.25,0,1007,100,1648746000,-14400
254,North Carolina,Raleigh,4,Fri 4/1,Rain,light rain,http://openweathermap.org/img/wn/10d@2x.png,50,64.26,36,17,W,0.13,0,1012,2,1648832400,-14400
255,North Carolina,Raleigh,5,Sat 4/2,Clouds,overcast clouds,http://openweathermap.org/img/wn/04d@2x.png,43.3,60.89,39,7,S,0,0,1019,100,1648918800,-14400
256,North Carolina,Wilmington,1,Tue 3/29,Clouds,scattered clouds,http://openweathermap.org/img/wn/03d@2x.png,37.71,54.72,22,13,N,0,0,1026,44,1648573200,-14400
257,North Carolina,Wilmington,2,Wed 3/30,Clouds,overcast clouds,http://openweathermap.org/img/wn/04d@2x.png,48.51,65.7,71,15,SE,0,0,1023,100,1648659600,-14400
258,North Carolina,Wilmington,3,Thu 3/31,Rain,heavy intensity rain,http://openweathermap.org/img/wn/10d@2x.png,66.49,70.74,83,23,S,26.11,0,1011,100,1648746000,-14400
259,North Carolina,Wilmington,4,Fri 4/1,Rain,light rain,http://openweathermap.org/img/wn/10d@2x.png,57.51,72.16,33,17,SW,0.98,0,1012,7,1648832400,-14400
260,North Carolina,Wilmington,5,Sat 4/2,Rain,light rain,http://openweathermap.org/img/wn/10d@2x.png,49.42,62.24,46,10,N,0.47,0,1020,85,1648918800,-14400
261,Ohio,Cleveland,1,Tue 3/29,Clouds,scattered clouds,http://openweathermap.org/img/wn/03d@2x.png,19.38,33.82,46,10,E,0,0,1028,25,1648573200,-14400
262,Ohio,Cleveland,2,Wed 3/30,Snow,rain and snow,http://openweathermap.org/img/wn/13d@2x.png,31.82,61.38,79,24,SE,1.7,1.82,1007,98,1648659600,-14400
263,Ohio,Cleveland,3,Thu 3/31,Rain,light rain,http://openweathermap.org/img/wn/10d@2x.png,40.17,61.11,77,29,S,2.23,0,997,99,1648746000,-14400
264,Ohio,Cleveland,4,Fri 4/1,Snow,light snow,http://openweathermap.org/img/wn/13d@2x.png,33.98,38.01,65,20,W,0,1.47,1014,100,1648832400,-14400
265,Ohio,Cleveland,5,Sat 4/2,Rain,light rain,http://openweathermap.org/img/wn/10d@2x.png,32.92,47.52,45,6,SE,1.02,0,1015,44,1648918800,-14400
266,Ohio,Wilmington,1,Tue 3/29,Rain,light rain,http://openweathermap.org/img/wn/10d@2x.png,24.8,44.91,30,14,E,0.15,0,1025,100,1648573200,-14400
267,Ohio,Wilmington,2,Wed 3/30,Clouds,overcast clouds,http://openweathermap.org/img/wn/04d@2x.png,36.86,68.09,65,31,S,0,0,1007,100,1648659600,-14400
268,Ohio,Wilmington,3,Thu 3/31,Rain,moderate rain,http://openweathermap.org/img/wn/10d@2x.png,39.72,53.69,54,25,S,8.13,0,1000,80,1648746000,-14400
269,Ohio,Wilmington,4,Fri 4/1,Snow,rain and snow,http://openweathermap.org/img/wn/13d@2x.png,32.49,46.47,52,17,W,0.11,0.62,1017,98,1648832400,-14400
270,Ohio,Wilmington,5,Sat 4/2,Rain,light rain,http://openweathermap.org/img/wn/10d@2x.png,32.95,53.71,50,21,W,0.7,0,1015,78,1648918800,-14400
271,Pennsylvania,Pittsburgh,1,Tue 3/29,Clouds,few clouds,http://openweathermap.org/img/wn/02d@2x.png,13.55,40.93,36,6,W,0,0,1026,17,1648573200,-14400
272,Pennsylvania,Pittsburgh,2,Wed 3/30,Snow,rain and snow,http://openweathermap.org/img/wn/13d@2x.png,29.64,65.59,72,14,SE,0.26,2.36,1011,94,1648659600,-14400
273,Pennsylvania,Pittsburgh,3,Thu 3/31,Rain,light rain,http://openweathermap.org/img/wn/10d@2x.png,46.58,66.81,57,20,S,1.13,0,997,42,1648746000,-14400
274,Pennsylvania,Pittsburgh,4,Fri 4/1,Snow,rain and snow,http://openweathermap.org/img/wn/13d@2x.png,30.7,41.09,61,15,W,0.64,0.9,1011,97,1648832400,-14400
275,Pennsylvania,Pittsburgh,5,Sat 4/2,Clouds,broken clouds,http://openweathermap.org/img/wn/04d@2x.png,29.43,54.34,35,7,SW,0,0,1016,70,1648918800,-14400
276,Pennsylvania,State College,1,Tue 3/29,Clouds,broken clouds,http://openweathermap.org/img/wn/04d@2x.png,16.72,39.63,35,13,NW,0,0,1024,58,1648573200,-14400
277,Pennsylvania,State College,2,Wed 3/30,Snow,snow,http://openweathermap.org/img/wn/13d@2x.png,24.64,45.03,82,13,SE,0,2.35,1019,100,1648659600,-14400
278,Pennsylvania,State College,3,Thu 3/31,Rain,moderate rain,http://openweathermap.org/img/wn/10d@2x.png,44.19,60.73,88,14,SE,6.76,0,999,98,1648746000,-14400
279,Pennsylvania,State College,4,Fri 4/1,Rain,light rain,http://openweathermap.org/img/wn/10d@2x.png,30.97,43.32,66,17,W,0.69,0,1007,70,1648832400,-14400
280,Pennsylvania,State College,5,Sat 4/2,Clouds,broken clouds,http://openweathermap.org/img/wn/04d@2x.png,29.25,53.04,32,10,W,0,0,1016,57,1648918800,-14400
281,South Carolina,Charleston,1,Tue 3/29,Clouds,scattered clouds,http://openweathermap.org/img/wn/03d@2x.png,47.39,62.8,35,9,N,0,0,1025,45,1648573200,-14400
282,South Carolina,Charleston,2,Wed 3/30,Rain,light rain,http://openweathermap.org/img/wn/10d@2x.png,53.87,71.31,70,15,SE,0.1,0,1021,99,1648659600,-14400
283,South Carolina,Charleston,3,Thu 3/31,Rain,moderate rain,http://openweathermap.org/img/wn/10d@2x.png,67.23,76.82,77,19,S,10.79,0,1010,97,1648746000,-14400
284,South Carolina,Charleston,4,Fri 4/1,Clouds,broken clouds,http://openweathermap.org/img/wn/04d@2x.png,60.22,75.45,31,12,W,0,0,1014,80,1648832400,-14400
285,South Carolina,Charleston,5,Sat 4/2,Clouds,broken clouds,http://openweathermap.org/img/wn/04d@2x.png,54.41,76.53,42,9,E,0,0,1017,70,1648918800,-14400
286,South Carolina,Columbia,1,Tue 3/29,Clouds,broken clouds,http://openweathermap.org/img/wn/04d@2x.png,43.61,61.59,31,9,NE,0,0,1026,84,1648573200,-14400
287,South Carolina,Columbia,2,Wed 3/30,Rain,light rain,http://openweathermap.org/img/wn/10d@2x.png,49.51,77.29,72,19,SE,0.52,0,1019,100,1648659600,-14400
288,South Carolina,Columbia,3,Thu 3/31,Rain,moderate rain,http://openweathermap.org/img/wn/10d@2x.png,62.89,68.27,93,20,SE,17.71,0,1009,100,1648746000,-14400
289,South Carolina,Columbia,4,Fri 4/1,Clear,sky is clear,http://openweathermap.org/img/wn/01d@2x.png,53.06,70.79,30,15,W,0,0,1014,10,1648832400,-14400
290,South Carolina,Columbia,5,Sat 4/2,Clouds,broken clouds,http://openweathermap.org/img/wn/04d@2x.png,49.75,72.09,44,8,NE,0,0,1018,82,1648918800,-14400
291,South Carolina,Greenville-Spartanburg,1,Tue 3/29,Clouds,overcast clouds,http://openweathermap.org/img/wn/04d@2x.png,39.58,57.29,43,7,NW,0,0,1026,99,1648573200,-14400
292,South Carolina,Greenville-Spartanburg,2,Wed 3/30,Rain,light rain,http://openweathermap.org/img/wn/10d@2x.png,43.72,67.71,80,14,SE,2.65,0,1019,100,1648659600,-14400
293,South Carolina,Greenville-Spartanburg,3,Thu 3/31,Rain,moderate rain,http://openweathermap.org/img/wn/10d@2x.png,56.26,72.9,66,17,S,14.86,0,1006,72,1648746000,-14400
294,South Carolina,Greenville-Spartanburg,4,Fri 4/1,Clear,sky is clear,http://openweathermap.org/img/wn/01d@2x.png,47.05,67.95,28,10,SW,0,0,1013,0,1648832400,-14400
295,South Carolina,Greenville-Spartanburg,5,Sat 4/2,Clouds,broken clouds,http://openweathermap.org/img/wn/04d@2x.png,42.6,65.25,45,10,SW,0,0,1018,82,1648918800,-14400
296,Vermont,Burlington,1,Tue 3/29,Clouds,overcast clouds,http://openweathermap.org/img/wn/04d@2x.png,17.46,27.63,58,17,NW,0,0,1020,98,1648569600,-14400
297,Vermont,Burlington,2,Wed 3/30,Snow,snow,http://openweathermap.org/img/wn/13d@2x.png,20.41,34.95,51,12,NW,0,4.17,1023,78,1648656000,-14400
298,Vermont,Burlington,3,Thu 3/31,Rain,light rain,http://openweathermap.org/img/wn/10d@2x.png,34.75,45.64,93,20,SE,2.11,0,1004,100,1648742400,-14400
299,Vermont,Burlington,4,Fri 4/1,Snow,rain and snow,http://openweathermap.org/img/wn/13d@2x.png,32.27,42.35,78,16,W,1.53,0.43,999,66,1648828800,-14400
300,Vermont,Burlington,5,Sat 4/2,Snow,light snow,http://openweathermap.org/img/wn/13d@2x.png,28.98,41.7,58,18,W,0,0.18,1015,51,1648915200,-14400
301,Virginia,Baltimore/Washington,1,Tue 3/29,Clear,sky is clear,http://openweathermap.org/img/wn/01d@2x.png,22.37,46.38,26,13,NW,0,0,1025,8,1648573200,-14400
302,Virginia,Baltimore/Washington,2,Wed 3/30,Snow,rain and snow,http://openweathermap.org/img/wn/13d@2x.png,32.14,62.89,53,15,S,0.79,0.8,1020,86,1648659600,-14400
303,Virginia,Baltimore/Washington,3,Thu 3/31,Rain,light rain,http://openweathermap.org/img/wn/10d@2x.png,57.79,69.87,70,21,S,5.23,0,1002,100,1648746000,-14400
304,Virginia,Baltimore/Washington,4,Fri 4/1,Rain,light rain,http://openweathermap.org/img/wn/10d@2x.png,39.51,53.71,42,19,W,0.27,0,1008,87,1648832400,-14400
305,Virginia,Baltimore/Washington,5,Sat 4/2,Clouds,scattered clouds,http://openweathermap.org/img/wn/03d@2x.png,34.14,56.41,35,9,S,0,0,1017,49,1648918800,-14400
306,Virginia,Blacksburg/Roanoke,1,Tue 3/29,Clouds,overcast clouds,http://openweathermap.org/img/wn/04d@2x.png,22.93,51.91,19,6,NW,0,0,1024,100,1648573200,-14400
307,Virginia,Blacksburg/Roanoke,2,Wed 3/30,Rain,light rain,http://openweathermap.org/img/wn/10d@2x.png,34.61,60.4,67,14,S,0.37,0,1017,100,1648659600,-14400
308,Virginia,Blacksburg/Roanoke,3,Thu 3/31,Rain,light rain,http://openweathermap.org/img/wn/10d@2x.png,49.53,64.9,77,17,S,9.46,0,1003,97,1648746000,-14400
309,Virginia,Blacksburg/Roanoke,4,Fri 4/1,Rain,light rain,http://openweathermap.org/img/wn/10d@2x.png,36.27,48.88,39,19,W,0.55,0,1012,38,1648832400,-14400
310,Virginia,Blacksburg/Roanoke,5,Sat 4/2,Clouds,overcast clouds,http://openweathermap.org/img/wn/04d@2x.png,31.86,58.23,42,8,S,0,0,1016,97,1648918800,-14400
311,Virginia,Wakefield,1,Tue 3/29,Clouds,overcast clouds,http://openweathermap.org/img/wn/04d@2x.png,26.01,49.3,22,11,NW,0,0,1026,100,1648573200,-14400
312,Virginia,Wakefield,2,Wed 3/30,Clouds,scattered clouds,http://openweathermap.org/img/wn/03d@2x.png,37.24,64.36,46,13,S,0,0,1021,50,1648659600,-14400
313,Virginia,Wakefield,3,Thu 3/31,Rain,heavy intensity rain,http://openweathermap.org/img/wn/10d@2x.png,60.8,67.66,84,20,S,23.63,0,1008,100,1648746000,-14400
314,Virginia,Wakefield,4,Fri 4/1,Rain,light rain,http://openweathermap.org/img/wn/10d@2x.png,45.14,63.19,50,15,W,1.09,0,1010,47,1648832400,-14400
315,Virginia,Wakefield,5,Sat 4/2,Clouds,overcast clouds,http://openweathermap.org/img/wn/04d@2x.png,38.44,57.18,34,8,SE,0,0,1019,100,1648918800,-14400
316,West Virginia,Charleston,1,Tue 3/29,Clouds,overcast clouds,http://openweathermap.org/img/wn/04d@2x.png,24.82,50.58,21,5,NE,0,0,1026,100,1648573200,-14400
317,West Virginia,Charleston,2,Wed 3/30,Clouds,overcast clouds,http://openweathermap.org/img/wn/04d@2x.png,40.64,77.65,37,16,SE,0,0,1011,86,1648659600,-14400
318,West Virginia,Charleston,3,Thu 3/31,Rain,light rain,http://openweathermap.org/img/wn/10d@2x.png,49.84,68.27,61,19,SE,2.47,0,1001,27,1648746000,-14400
319,West Virginia,Charleston,4,Fri 4/1,Rain,light rain,http://openweathermap.org/img/wn/10d@2x.png,37.6,48.65,49,15,W,1.71,0,1016,97,1648832400,-14400
320,West Virginia,Charleston,5,Sat 4/2,Clouds,overcast clouds,http://openweathermap.org/img/wn/04d@2x.png,34.54,59.58,37,9,SW,0,0,1015,100,1648918800,-14400
321,Guam,Guam,1,Tue 3/29,Rain,light rain,http://openweathermap.org/img/wn/10d@2x.png,78.89,83.01,74,22,NE,3.01,0,1012,13,1648519200,36000
322,Guam,Guam,2,Wed 3/30,Rain,light rain,http://openweathermap.org/img/wn/10d@2x.png,79.07,82.6,73,22,NE,1.63,0,1012,100,1648605600,36000
323,Guam,Guam,3,Thu 3/31,Rain,light rain,http://openweathermap.org/img/wn/10d@2x.png,78.73,81.86,73,23,NE,5.23,0,1010,76,1648692000,36000
324,Guam,Guam,4,Fri 4/1,Rain,light rain,http://openweathermap.org/img/wn/10d@2x.png,78.85,83.43,72,17,NE,4.05,0,1009,98,1648778400,36000
325,Guam,Guam,5,Sat 4/2,Rain,moderate rain,http://openweathermap.org/img/wn/10d@2x.png,78.82,82.2,75,20,E,24.62,0,1009,100,1648864800,36000
326,Hawaii,Honolulu,1,Tue 3/29,Rain,light rain,http://openweathermap.org/img/wn/10d@2x.png,69.93,75.42,68,13,NE,0.1,0,1018,100,1648591200,-36000
327,Hawaii,Honolulu,2,Wed 3/30,Rain,light rain,http://openweathermap.org/img/wn/10d@2x.png,71.91,76.26,67,14,NE,1.43,0,1018,12,1648677600,-36000
328,Hawaii,Honolulu,3,Thu 3/31,Rain,light rain,http://openweathermap.org/img/wn/10d@2x.png,72.72,75.22,75,25,NE,0.52,0,1019,10,1648764000,-36000
329,Hawaii,Honolulu,4,Fri 4/1,Rain,light rain,http://openweathermap.org/img/wn/10d@2x.png,71.96,74.98,71,24,NE,0.37,0,1019,2,1648850400,-36000
330,Hawaii,Honolulu,5,Sat 4/2,Rain,light rain,http://openweathermap.org/img/wn/10d@2x.png,72.25,74.41,74,26,NE,1.7,0,1020,57,1648936800,-36000
331,Alabama,Birmingham,1,Tue 3/29,Clouds,broken clouds,http://openweathermap.org/img/wn/04d@2x.png,51.31,77.52,58,10,S,0,0,1020,73,1648573200,-18000
332,Alabama,Birmingham,2,Wed 3/30,Rain,moderate rain,http://openweathermap.org/img/wn/10d@2x.png,60.66,80.51,50,21,SE,5.85,0,1011,88,1648659600,-18000
333,Alabama,Birmingham,3,Thu 3/31,Rain,heavy intensity rain,http://openweathermap.org/img/wn/10d@2x.png,53.08,69.44,60,10,W,15.76,0,1009,90,1648746000,-18000
334,Alabama,Birmingham,4,Fri 4/1,Clouds,broken clouds,http://openweathermap.org/img/wn/04d@2x.png,45.57,65.05,37,6,N,0,0,1018,65,1648832400,-18000
335,Alabama,Birmingham,5,Sat 4/2,Clouds,scattered clouds,http://openweathermap.org/img/wn/03d@2x.png,47.88,73.56,39,8,W,0,0,1018,32,1648918800,-18000
336,Alabama,Huntsville,1,Tue 3/29,Clouds,overcast clouds,http://openweathermap.org/img/wn/04d@2x.png,44.82,73.18,63,11,S,0,0,1019,100,1648573200,-18000
337,Alabama,Huntsville,2,Wed 3/30,Rain,heavy intensity rain,http://openweathermap.org/img/wn/10d@2x.png,57.11,76.15,52,26,SE,20.37,0,1010,99,1648659600,-18000
338,Alabama,Huntsville,3,Thu 3/31,Rain,moderate rain,http://openweathermap.org/img/wn/10d@2x.png,52.45,62.85,56,11,SW,5.48,0,1008,85,1648746000,-18000
339,Alabama,Huntsville,4,Fri 4/1,Clear,sky is clear,http://openweathermap.org/img/wn/01d@2x.png,39.81,59.5,44,9,NW,0,0,1019,8,1648832400,-18000
340,Alabama,Huntsville,5,Sat 4/2,Clouds,broken clouds,http://openweathermap.org/img/wn/04d@2x.png,44.98,68.9,49,10,W,0,0,1018,68,1648918800,-18000
341,Alabama,Mobile/Pensacola,1,Tue 3/29,Clouds,scattered clouds,http://openweathermap.org/img/wn/03d@2x.png,60.98,79.07,44,13,SE,0,0,1020,41,1648573200,-18000
342,Alabama,Mobile/Pensacola,2,Wed 3/30,Rain,moderate rain,http://openweathermap.org/img/wn/10d@2x.png,68.45,79.23,65,22,S,7.18,0,1012,83,1648659600,-18000
343,Alabama,Mobile/Pensacola,3,Thu 3/31,Rain,moderate rain,http://openweathermap.org/img/wn/10d@2x.png,61.57,79.68,40,13,SW,8.97,0,1009,27,1648746000,-18000
344,Alabama,Mobile/Pensacola,4,Fri 4/1,Clouds,overcast clouds,http://openweathermap.org/img/wn/04d@2x.png,53.35,76.73,38,6,N,0,0,1017,90,1648832400,-18000
345,Alabama,Mobile/Pensacola,5,Sat 4/2,Rain,light rain,http://openweathermap.org/img/wn/10d@2x.png,57.49,80.2,53,5,N,2.07,0,1017,26,1648918800,-18000
346,Arkansas,Little Rock,1,Tue 3/29,Clouds,overcast clouds,http://openweathermap.org/img/wn/04d@2x.png,50.14,72.86,85,16,SE,0,0,1012,100,1648576800,-18000
347,Arkansas,Little Rock,2,Wed 3/30,Rain,heavy intensity rain,http://openweathermap.org/img/wn/10d@2x.png,48.11,67.86,90,21,SE,19.18,0,998,100,1648663200,-18000
348,Arkansas,Little Rock,3,Thu 3/31,Clouds,broken clouds,http://openweathermap.org/img/wn/04d@2x.png,42.35,62.29,43,14,W,0,0,1010,53,1648749600,-18000
349,Arkansas,Little Rock,4,Fri 4/1,Clouds,broken clouds,http://openweathermap.org/img/wn/04d@2x.png,41.36,63.75,42,5,E,0,0,1018,62,1648836000,-18000
350,Arkansas,Little Rock,5,Sat 4/2,Clear,sky is clear,http://openweathermap.org/img/wn/01d@2x.png,47.61,73.44,46,8,W,0,0,1018,0,1648922400,-18000
351,Florida,Jacksonville,1,Tue 3/29,Clear,sky is clear,http://openweathermap.org/img/wn/01d@2x.png,57.74,76.32,44,9,NE,0,0,1023,0,1648573200,-14400
352,Florida,Jacksonville,2,Wed 3/30,Clouds,broken clouds,http://openweathermap.org/img/wn/04d@2x.png,63.72,83.28,44,16,SE,0,0,1018,76,1648659600,-14400
353,Florida,Jacksonville,3,Thu 3/31,Rain,light rain,http://openweathermap.org/img/wn/10d@2x.png,69.21,85.39,41,16,S,2.48,0,1011,73,1648746000,-14400
354,Florida,Jacksonville,4,Fri 4/1,Rain,light rain,http://openweathermap.org/img/wn/10d@2x.png,67.46,82.78,37,8,SW,1.05,0,1015,97,1648832400,-14400
355,Florida,Jacksonville,5,Sat 4/2,Rain,light rain,http://openweathermap.org/img/wn/10d@2x.png,63.75,79.03,66,4,SE,2.18,0,1018,93,1648918800,-14400
356,Florida,Key West,1,Tue 3/29,Clear,sky is clear,http://openweathermap.org/img/wn/01d@2x.png,71.65,75.36,63,20,E,0,0,1022,0,1648573200,-14400
357,Florida,Key West,2,Wed 3/30,Clouds,scattered clouds,http://openweathermap.org/img/wn/03d@2x.png,75.06,76.35,70,29,E,0,0,1018,43,1648659600,-14400
358,Florida,Key West,3,Thu 3/31,Clouds,few clouds,http://openweathermap.org/img/wn/02d@2x.png,76.12,77.27,83,28,E,0,0,1015,22,1648746000,-14400
359,Florida,Key West,4,Fri 4/1,Rain,light rain,http://openweathermap.org/img/wn/10d@2x.png,77.04,78.82,81,14,SE,0.15,0,1016,2,1648832400,-14400
360,Florida,Key West,5,Sat 4/2,Clouds,scattered clouds,http://openweathermap.org/img/wn/03d@2x.png,76.6,78.17,82,10,E,0,0,1017,25,1648918800,-14400
361,Florida,Melbourne,1,Tue 3/29,Clear,sky is clear,http://openweathermap.org/img/wn/01d@2x.png,61.07,76.24,52,13,E,0,0,1022,0,1648573200,-14400
362,Florida,Melbourne,2,Wed 3/30,Clouds,scattered clouds,http://openweathermap.org/img/wn/03d@2x.png,68.7,77.72,60,20,SE,0,0,1020,48,1648659600,-14400
363,Florida,Melbourne,3,Thu 3/31,Rain,light rain,http://openweathermap.org/img/wn/10d@2x.png,70.61,83.16,56,20,SE,0.11,0,1014,74,1648746000,-14400
364,Florida,Melbourne,4,Fri 4/1,Rain,moderate rain,http://openweathermap.org/img/wn/10d@2x.png,71.78,82.47,66,11,SW,13.59,0,1015,100,1648832400,-14400
365,Florida,Melbourne,5,Sat 4/2,Rain,light rain,http://openweathermap.org/img/wn/10d@2x.png,70.23,84,55,11,N,4.13,0,1016,33,1648918800,-14400
366,Florida,Miami,1,Tue 3/29,Clear,sky is clear,http://openweathermap.org/img/wn/01d@2x.png,65.14,81.5,38,12,E,0,0,1022,0,1648573200,-14400
367,Florida,Miami,2,Wed 3/30,Clouds,scattered clouds,http://openweathermap.org/img/wn/03d@2x.png,72.75,80.04,54,21,E,0,0,1019,41,1648659600,-14400
368,Florida,Miami,3,Thu 3/31,Clouds,broken clouds,http://openweathermap.org/img/wn/04d@2x.png,74.32,81.61,58,20,SE,0,0,1016,57,1648746000,-14400
369,Florida,Miami,4,Fri 4/1,Rain,light rain,http://openweathermap.org/img/wn/10d@2x.png,75.15,85.91,57,15,SE,0.72,0,1016,19,1648832400,-14400
370,Florida,Miami,5,Sat 4/2,Rain,light rain,http://openweathermap.org/img/wn/10d@2x.png,75.52,85.69,54,14,SE,0.64,0,1016,37,1648918800,-14400
371,Florida,Tallahassee,1,Tue 3/29,Clear,sky is clear,http://openweathermap.org/img/wn/01d@2x.png,59.13,84.67,40,9,SE,0,0,1021,0,1648573200,-14400
372,Florida,Tallahassee,2,Wed 3/30,Clouds,overcast clouds,http://openweathermap.org/img/wn/04d@2x.png,59.95,78.98,49,17,SE,0,0,1017,100,1648659600,-14400
373,Florida,Tallahassee,3,Thu 3/31,Rain,moderate rain,http://openweathermap.org/img/wn/10d@2x.png,64.27,71.62,96,15,S,15.45,0,1010,100,1648746000,-14400
374,Florida,Tallahassee,4,Fri 4/1,Clouds,overcast clouds,http://openweathermap.org/img/wn/04d@2x.png,57.22,78.06,36,6,N,0,0,1016,97,1648832400,-14400
375,Florida,Tallahassee,5,Sat 4/2,Rain,light rain,http://openweathermap.org/img/wn/10d@2x.png,58.37,80.91,50,4,N,1.54,0,1018,71,1648918800,-14400
376,Florida,Tampa,1,Tue 3/29,Clear,sky is clear,http://openweathermap.org/img/wn/01d@2x.png,61.5,82,42,12,E,0,0,1022,0,1648573200,-14400
377,Florida,Tampa,2,Wed 3/30,Clouds,few clouds,http://openweathermap.org/img/wn/02d@2x.png,64.8,84.36,40,19,S,0,0,1017,17,1648659600,-14400
378,Florida,Tampa,3,Thu 3/31,Clouds,broken clouds,http://openweathermap.org/img/wn/04d@2x.png,68.23,82.18,57,25,S,0,0,1013,52,1648746000,-14400
379,Florida,Tampa,4,Fri 4/1,Rain,moderate rain,http://openweathermap.org/img/wn/10d@2x.png,70.45,78.21,73,11,S,12.14,0,1016,100,1648832400,-14400
380,Florida,Tampa,5,Sat 4/2,Clouds,scattered clouds,http://openweathermap.org/img/wn/03d@2x.png,72.23,79.45,67,14,SW,0,0,1017,28,1648918800,-14400
381,Georgia,Peachtree City/Atlanta,1,Tue 3/29,Clouds,broken clouds,http://openweathermap.org/img/wn/04d@2x.png,48.79,73.87,41,8,SE,0,0,1022,73,1648573200,-14400
382,Georgia,Peachtree City/Atlanta,2,Wed 3/30,Clouds,overcast clouds,http://openweathermap.org/img/wn/04d@2x.png,53.53,80.82,52,18,SE,0,0,1015,99,1648659600,-14400
383,Georgia,Peachtree City/Atlanta,3,Thu 3/31,Rain,heavy intensity rain,http://openweathermap.org/img/wn/10d@2x.png,55.99,74.48,50,14,S,18.99,0,1007,18,1648746000,-14400
384,Georgia,Peachtree City/Atlanta,4,Fri 4/1,Clouds,scattered clouds,http://openweathermap.org/img/wn/03d@2x.png,48.31,65.53,30,10,W,0,0,1017,46,1648832400,-14400
385,Georgia,Peachtree City/Atlanta,5,Sat 4/2,Clouds,scattered clouds,http://openweathermap.org/img/wn/03d@2x.png,48.11,72.72,29,8,W,0,0,1017,33,1648918800,-14400
386,Louisiana,Lake Charles,1,Tue 3/29,Clouds,overcast clouds,http://openweathermap.org/img/wn/04d@2x.png,66.36,78.42,51,19,S,0,0,1015,94,1648576800,-18000
387,Louisiana,Lake Charles,2,Wed 3/30,Rain,moderate rain,http://openweathermap.org/img/wn/10d@2x.png,63.14,78.78,82,28,S,5.56,0,1002,90,1648663200,-18000
388,Louisiana,Lake Charles,3,Thu 3/31,Clear,sky is clear,http://openweathermap.org/img/wn/01d@2x.png,50.56,79.3,36,7,N,0,0,1010,3,1648749600,-18000
389,Louisiana,Lake Charles,4,Fri 4/1,Clouds,overcast clouds,http://openweathermap.org/img/wn/04d@2x.png,52.99,76.93,44,11,NE,0,0,1016,100,1648836000,-18000
390,Louisiana,Lake Charles,5,Sat 4/2,Rain,light rain,http://openweathermap.org/img/wn/10d@2x.png,61.52,81.48,60,8,NE,0.85,0,1016,49,1648922400,-18000
391,Louisiana,New Orleans/Baton Rouge,1,Tue 3/29,Clouds,scattered clouds,http://openweathermap.org/img/wn/03d@2x.png,64.04,80.26,44,15,SE,0,0,1018,38,1648576800,-18000
392,Louisiana,New Orleans/Baton Rouge,2,Wed 3/30,Rain,moderate rain,http://openweathermap.org/img/wn/10d@2x.png,69.89,81.93,51,28,S,7.78,0,1008,60,1648663200,-18000
393,Louisiana,New Orleans/Baton Rouge,3,Thu 3/31,Rain,light rain,http://openweathermap.org/img/wn/10d@2x.png,58.32,76.78,52,10,W,0.16,0,1010,25,1648749600,-18000
394,Louisiana,New Orleans/Baton Rouge,4,Fri 4/1,Clouds,overcast clouds,http://openweathermap.org/img/wn/04d@2x.png,54.75,74.28,42,8,NE,0,0,1016,91,1648836000,-18000
395,Louisiana,New Orleans/Baton Rouge,5,Sat 4/2,Rain,light rain,http://openweathermap.org/img/wn/10d@2x.png,59.32,76.75,61,8,SE,3.99,0,1017,59,1648922400,-18000
396,Louisiana,Shreveport,1,Tue 3/29,Clouds,overcast clouds,http://openweathermap.org/img/wn/04d@2x.png,64.63,78.49,58,18,SE,0,0,1012,100,1648576800,-18000
397,Louisiana,Shreveport,2,Wed 3/30,Rain,heavy intensity rain,http://openweathermap.org/img/wn/10d@2x.png,56.03,74.26,85,18,SW,19.16,0,1000,99,1648663200,-18000
398,Louisiana,Shreveport,3,Thu 3/31,Clouds,few clouds,http://openweathermap.org/img/wn/02d@2x.png,48.47,69.04,39,8,W,0,0,1012,23,1648749600,-18000
399,Louisiana,Shreveport,4,Fri 4/1,Clouds,broken clouds,http://openweathermap.org/img/wn/04d@2x.png,46.8,70.61,38,6,NE,0,0,1017,82,1648836000,-18000
400,Louisiana,Shreveport,5,Sat 4/2,Clear,sky is clear,http://openweathermap.org/img/wn/01d@2x.png,52.9,79.21,46,7,E,0,0,1018,3,1648922400,-18000
401,Mississippi,Jackson,1,Tue 3/29,Clouds,overcast clouds,http://openweathermap.org/img/wn/04d@2x.png,59.72,78.28,48,14,SE,0,0,1016,96,1648576800,-18000
402,Mississippi,Jackson,2,Wed 3/30,Rain,very heavy rain,http://openweathermap.org/img/wn/10d@2x.png,58.41,80.76,59,26,SE,36.95,0,1003,100,1648663200,-18000
403,Mississippi,Jackson,3,Thu 3/31,Clear,sky is clear,http://openweathermap.org/img/wn/01d@2x.png,49.33,67.41,43,8,W,0,0,1011,0,1648749600,-18000
404,Mississippi,Jackson,4,Fri 4/1,Clouds,overcast clouds,http://openweathermap.org/img/wn/04d@2x.png,45.81,69.15,44,6,N,0,0,1018,100,1648836000,-18000
405,Mississippi,Jackson,5,Sat 4/2,Clear,sky is clear,http://openweathermap.org/img/wn/01d@2x.png,50.99,76.28,47,7,NW,0,0,1018,0,1648922400,-18000
406,New Mexico,Albuquerque,1,Tue 3/29,Rain,light rain,http://openweathermap.org/img/wn/10d@2x.png,46.02,59.76,57,23,W,1.87,0,1002,100,1648580400,-21600
407,New Mexico,Albuquerque,2,Wed 3/30,Rain,light rain,http://openweathermap.org/img/wn/10d@2x.png,45.18,60.21,37,31,W,0.5,0,1004,99,1648666800,-21600
408,New Mexico,Albuquerque,3,Thu 3/31,Clouds,overcast clouds,http://openweathermap.org/img/wn/04d@2x.png,43.29,59.45,31,9,NW,0,0,1010,93,1648753200,-21600
409,New Mexico,Albuquerque,4,Fri 4/1,Rain,light rain,http://openweathermap.org/img/wn/10d@2x.png,47.55,66.83,30,17,NW,0.11,0,1010,19,1648839600,-21600
410,New Mexico,Albuquerque,5,Sat 4/2,Clouds,broken clouds,http://openweathermap.org/img/wn/04d@2x.png,51.31,70.34,22,6,SW,0,0,1013,65,1648926000,-21600
411,Oklahoma,Norman/Oklahoma City,1,Tue 3/29,Rain,heavy intensity rain,http://openweathermap.org/img/wn/10d@2x.png,64.87,80.26,56,32,SE,5.8,0,1002,100,1648576800,-18000
412,Oklahoma,Norman/Oklahoma City,2,Wed 3/30,Rain,heavy intensity rain,http://openweathermap.org/img/wn/10d@2x.png,47.84,65.61,68,26,NW,19.92,0,1001,47,1648663200,-18000
413,Oklahoma,Norman/Oklahoma City,3,Thu 3/31,Clouds,scattered clouds,http://openweathermap.org/img/wn/03d@2x.png,44.04,61.57,37,16,NW,0,0,1013,28,1648749600,-18000
414,Oklahoma,Norman/Oklahoma City,4,Fri 4/1,Rain,light rain,http://openweathermap.org/img/wn/10d@2x.png,44.11,64.96,39,20,SE,0.92,0,1015,98,1648836000,-18000
415,Oklahoma,Norman/Oklahoma City,5,Sat 4/2,Rain,light rain,http://openweathermap.org/img/wn/10d@2x.png,49.42,70.88,48,11,NE,0.33,0,1018,6,1648922400,-18000
416,Oklahoma,Tulsa,1,Tue 3/29,Rain,light rain,http://openweathermap.org/img/wn/10d@2x.png,63.64,75.04,63,28,SE,0.45,0,1003,100,1648576800,-18000
417,Oklahoma,Tulsa,2,Wed 3/30,Rain,heavy intensity rain,http://openweathermap.org/img/wn/10d@2x.png,46.56,67.95,70,26,SE,21.39,0,997,54,1648663200,-18000
418,Oklahoma,Tulsa,3,Thu 3/31,Clouds,scattered clouds,http://openweathermap.org/img/wn/03d@2x.png,40.32,58.32,47,14,W,0,0,1012,45,1648749600,-18000
419,Oklahoma,Tulsa,4,Fri 4/1,Clouds,broken clouds,http://openweathermap.org/img/wn/04d@2x.png,42.82,66.88,39,12,SE,0,0,1016,58,1648836000,-18000
420,Oklahoma,Tulsa,5,Sat 4/2,Clear,sky is clear,http://openweathermap.org/img/wn/01d@2x.png,48.02,68.81,34,10,N,0,0,1019,0,1648922400,-18000
421,Puerto Rico,San Juan,1,Tue 3/29,Rain,light rain,http://openweathermap.org/img/wn/10d@2x.png,73.27,82.71,65,15,NE,0.42,0,1017,72,1648569600,-14400
422,Puerto Rico,San Juan,2,Wed 3/30,Rain,light rain,http://openweathermap.org/img/wn/10d@2x.png,72.81,81.45,57,17,NE,4.31,0,1017,20,1648656000,-14400
423,Puerto Rico,San Juan,3,Thu 3/31,Rain,light rain,http://openweathermap.org/img/wn/10d@2x.png,73.83,81.95,61,18,NE,3.19,0,1018,46,1648742400,-14400
424,Puerto Rico,San Juan,4,Fri 4/1,Rain,light rain,http://openweathermap.org/img/wn/10d@2x.png,73.6,82.56,69,17,E,1.01,0,1018,53,1648828800,-14400
425,Puerto Rico,San Juan,5,Sat 4/2,Rain,light rain,http://openweathermap.org/img/wn/10d@2x.png,72.73,83.1,61,17,E,0.17,0,1018,2,1648915200,-14400
426,Tennessee,Memphis,1,Tue 3/29,Clouds,overcast clouds,http://openweathermap.org/img/wn/04d@2x.png,48.74,72.16,86,18,SE,0,0,1015,100,1648576800,-18000
427,Tennessee,Memphis,2,Wed 3/30,Rain,very heavy rain,http://openweathermap.org/img/wn/10d@2x.png,57.42,74.5,64,28,S,34.01,0,998,99,1648663200,-18000
428,Tennessee,Memphis,3,Thu 3/31,Clouds,scattered clouds,http://openweathermap.org/img/wn/03d@2x.png,43.7,61.65,54,17,SW,0,0,1009,28,1648749600,-18000
429,Tennessee,Memphis,4,Fri 4/1,Clouds,scattered clouds,http://openweathermap.org/img/wn/03d@2x.png,41.02,62.49,43,5,N,0,0,1019,42,1648836000,-18000
430,Tennessee,Memphis,5,Sat 4/2,Clouds,scattered clouds,http://openweathermap.org/img/wn/03d@2x.png,49.96,70.27,47,11,W,0,0,1017,44,1648922400,-18000
431,Tennessee,Morristown/Knoxville,1,Tue 3/29,Clouds,overcast clouds,http://openweathermap.org/img/wn/04d@2x.png,33.33,53.35,49,7,NE,0,0,1023,100,1648573200,-14400
432,Tennessee,Morristown/Knoxville,2,Wed 3/30,Clouds,overcast clouds,http://openweathermap.org/img/wn/04d@2x.png,41.76,72.28,46,20,S,0,0,1012,100,1648659600,-14400
433,Tennessee,Morristown/Knoxville,3,Thu 3/31,Rain,moderate rain,http://openweathermap.org/img/wn/10d@2x.png,51.93,65.79,67,21,SW,8.06,0,1004,22,1648746000,-14400
434,Tennessee,Morristown/Knoxville,4,Fri 4/1,Rain,light rain,http://openweathermap.org/img/wn/10d@2x.png,40.73,55.71,39,14,W,0.25,0,1018,6,1648832400,-14400
435,Tennessee,Morristown/Knoxville,5,Sat 4/2,Clouds,overcast clouds,http://openweathermap.org/img/wn/04d@2x.png,37.58,61.47,43,12,SW,0,0,1017,97,1648918800,-14400
436,Tennessee,Nashville,1,Tue 3/29,Clouds,overcast clouds,http://openweathermap.org/img/wn/04d@2x.png,40.35,69.03,53,12,S,0,0,1018,100,1648573200,-18000
437,Tennessee,Nashville,2,Wed 3/30,Rain,heavy intensity rain,http://openweathermap.org/img/wn/10d@2x.png,55.72,75.38,50,27,SE,30.31,0,1007,100,1648659600,-18000
438,Tennessee,Nashville,3,Thu 3/31,Rain,light rain,http://openweathermap.org/img/wn/10d@2x.png,49.84,61.77,41,14,SW,0.94,0,1007,15,1648746000,-18000
439,Tennessee,Nashville,4,Fri 4/1,Clear,sky is clear,http://openweathermap.org/img/wn/01d@2x.png,39.04,56.7,41,7,W,0,0,1019,1,1648832400,-18000
440,Tennessee,Nashville,5,Sat 4/2,Clouds,overcast clouds,http://openweathermap.org/img/wn/04d@2x.png,44.53,67.1,51,13,W,0,0,1016,97,1648918800,-18000
441,Texas,Amarillo,1,Tue 3/29,Clear,sky is clear,http://openweathermap.org/img/wn/01d@2x.png,58.21,75.56,21,39,SW,0,0,998,0,1648576800,-18000
442,Texas,Amarillo,2,Wed 3/30,Rain,moderate rain,http://openweathermap.org/img/wn/10d@2x.png,38.48,58.44,27,27,SW,5.69,0,1006,63,1648663200,-18000
443,Texas,Amarillo,3,Thu 3/31,Rain,light rain,http://openweathermap.org/img/wn/10d@2x.png,39.38,63.43,27,12,W,1.27,0,1011,0,1648749600,-18000
444,Texas,Amarillo,4,Fri 4/1,Clouds,overcast clouds,http://openweathermap.org/img/wn/04d@2x.png,49.24,72.91,23,27,S,0,0,1007,99,1648836000,-18000
445,Texas,Amarillo,5,Sat 4/2,Clear,sky is clear,http://openweathermap.org/img/wn/01d@2x.png,43.92,74.97,45,18,SE,0,0,1015,3,1648922400,-18000
446,Texas,Austin/San Antonio,1,Tue 3/29,Clouds,overcast clouds,http://openweathermap.org/img/wn/04d@2x.png,63.75,79.75,58,23,SE,0,0,1009,100,1648576800,-18000
447,Texas,Austin/San Antonio,2,Wed 3/30,Rain,moderate rain,http://openweathermap.org/img/wn/10d@2x.png,61.23,81.99,20,23,W,4.52,0,1004,11,1648663200,-18000
448,Texas,Austin/San Antonio,3,Thu 3/31,Clear,sky is clear,http://openweathermap.org/img/wn/01d@2x.png,51.13,86.38,25,16,N,0,0,1009,0,1648749600,-18000
449,Texas,Austin/San Antonio,4,Fri 4/1,Clouds,overcast clouds,http://openweathermap.org/img/wn/04d@2x.png,53.74,83.26,36,15,SE,0,0,1013,89,1648836000,-18000
450,Texas,Austin/San Antonio,5,Sat 4/2,Clouds,overcast clouds,http://openweathermap.org/img/wn/04d@2x.png,59.25,86.86,53,13,NE,0,0,1015,99,1648922400,-18000
451,Texas,Brownsville,1,Tue 3/29,Clouds,scattered clouds,http://openweathermap.org/img/wn/03d@2x.png,70.18,82.13,54,29,SE,0,0,1009,36,1648576800,-18000
452,Texas,Brownsville,2,Wed 3/30,Clouds,few clouds,http://openweathermap.org/img/wn/02d@2x.png,70.2,90.9,21,27,SE,0,0,1006,22,1648663200,-18000
453,Texas,Brownsville,3,Thu 3/31,Clouds,overcast clouds,http://openweathermap.org/img/wn/04d@2x.png,65.1,86.97,32,15,NE,0,0,1008,91,1648749600,-18000
454,Texas,Brownsville,4,Fri 4/1,Rain,light rain,http://openweathermap.org/img/wn/10d@2x.png,68.85,82.13,73,13,E,1.17,0,1011,99,1648836000,-18000
455,Texas,Brownsville,5,Sat 4/2,Clouds,broken clouds,http://openweathermap.org/img/wn/04d@2x.png,68.59,85.42,54,14,E,0,0,1013,55,1648922400,-18000
456,Texas,Corpus Christi,1,Tue 3/29,Clouds,overcast clouds,http://openweathermap.org/img/wn/04d@2x.png,68.23,80.89,62,27,SE,0,0,1010,99,1648576800,-18000
457,Texas,Corpus Christi,2,Wed 3/30,Clouds,few clouds,http://openweathermap.org/img/wn/02d@2x.png,69.48,88.54,14,31,SE,0,0,1006,22,1648663200,-18000
458,Texas,Corpus Christi,3,Thu 3/31,Clouds,broken clouds,http://openweathermap.org/img/wn/04d@2x.png,61.92,83.43,32,16,E,0,0,1009,80,1648749600,-18000
459,Texas,Corpus Christi,4,Fri 4/1,Rain,light rain,http://openweathermap.org/img/wn/10d@2x.png,64.74,74.66,59,16,NE,0.12,0,1013,100,1648836000,-18000
460,Texas,Corpus Christi,5,Sat 4/2,Clouds,broken clouds,http://openweathermap.org/img/wn/04d@2x.png,69.17,83.08,58,14,E,0,0,1014,77,1648922400,-18000
461,Texas,El Paso,1,Tue 3/29,Clouds,scattered clouds,http://openweathermap.org/img/wn/03d@2x.png,48.33,66.7,26,40,SW,0,0,1005,46,1648580400,-21600
462,Texas,El Paso,2,Wed 3/30,Clear,sky is clear,http://openweathermap.org/img/wn/01d@2x.png,46.89,67.19,28,29,W,0,0,1009,5,1648666800,-21600
463,Texas,El Paso,3,Thu 3/31,Clouds,scattered clouds,http://openweathermap.org/img/wn/03d@2x.png,51.24,69.84,25,22,W,0,0,1010,50,1648753200,-21600
464,Texas,El Paso,4,Fri 4/1,Clear,sky is clear,http://openweathermap.org/img/wn/01d@2x.png,55.31,75.94,17,11,W,0,0,1010,6,1648839600,-21600
465,Texas,El Paso,5,Sat 4/2,Clouds,overcast clouds,http://openweathermap.org/img/wn/04d@2x.png,60.01,79.45,14,10,SW,0,0,1013,100,1648926000,-21600
466,Texas,Fort Worth-Dallas,1,Tue 3/29,Clouds,overcast clouds,http://openweathermap.org/img/wn/04d@2x.png,66.18,78.08,57,27,SE,0,0,1006,100,1648576800,-18000
467,Texas,Fort Worth-Dallas,2,Wed 3/30,Rain,moderate rain,http://openweathermap.org/img/wn/10d@2x.png,54.82,68.56,46,23,S,7.46,0,1001,14,1648663200,-18000
468,Texas,Fort Worth-Dallas,3,Thu 3/31,Clouds,scattered clouds,http://openweathermap.org/img/wn/03d@2x.png,51.37,67.78,39,10,NW,0,0,1013,45,1648749600,-18000
469,Texas,Fort Worth-Dallas,4,Fri 4/1,Rain,light rain,http://openweathermap.org/img/wn/10d@2x.png,50.36,69.94,32,12,E,0.17,0,1015,90,1648836000,-18000
470,Texas,Fort Worth-Dallas,5,Sat 4/2,Clouds,scattered clouds,http://openweathermap.org/img/wn/03d@2x.png,54.39,78.42,50,11,SE,0,0,1017,34,1648922400,-18000
471,Texas,Houston/Galveston,1,Tue 3/29,Clouds,overcast clouds,http://openweathermap.org/img/wn/04d@2x.png,68.23,75.72,66,20,SE,0,0,1013,99,1648576800,-18000
472,Texas,Houston/Galveston,2,Wed 3/30,Rain,moderate rain,http://openweathermap.org/img/wn/10d@2x.png,68.05,79.54,40,23,SE,5.24,0,1004,85,1648663200,-18000
473,Texas,Houston/Galveston,3,Thu 3/31,Clear,sky is clear,http://openweathermap.org/img/wn/01d@2x.png,57.36,75.72,41,11,N,0,0,1011,6,1648749600,-18000
474,Texas,Houston/Galveston,4,Fri 4/1,Clouds,overcast clouds,http://openweathermap.org/img/wn/04d@2x.png,60.73,70.99,57,15,NE,0,0,1015,100,1648836000,-18000
475,Texas,Houston/Galveston,5,Sat 4/2,Rain,light rain,http://openweathermap.org/img/wn/10d@2x.png,65.53,77.04,76,12,E,0.73,0,1016,92,1648922400,-18000
476,Texas,Lubbock,1,Tue 3/29,Clouds,scattered clouds,http://openweathermap.org/img/wn/03d@2x.png,58.48,82.63,13,33,SW,0,0,1001,33,1648576800,-18000
477,Texas,Lubbock,2,Wed 3/30,Rain,light rain,http://openweathermap.org/img/wn/10d@2x.png,41.56,64.29,32,26,NW,1.91,0,1006,71,1648663200,-18000
478,Texas,Lubbock,3,Thu 3/31,Rain,light rain,http://openweathermap.org/img/wn/10d@2x.png,43.2,65.82,24,17,N,1.71,0,1012,16,1648749600,-18000
479,Texas,Lubbock,4,Fri 4/1,Clouds,overcast clouds,http://openweathermap.org/img/wn/04d@2x.png,53.02,76.53,37,20,S,0,0,1010,93,1648836000,-18000
480,Texas,Lubbock,5,Sat 4/2,Clouds,overcast clouds,http://openweathermap.org/img/wn/04d@2x.png,46.81,79.7,33,13,SE,0,0,1015,86,1648922400,-18000
481,Texas,Midland/Odessa,1,Tue 3/29,Clouds,broken clouds,http://openweathermap.org/img/wn/04d@2x.png,64.4,90.32,19,35,SW,0,0,1003,57,1648576800,-18000
482,Texas,Midland/Odessa,2,Wed 3/30,Clouds,few clouds,http://openweathermap.org/img/wn/02d@2x.png,53.01,69.93,32,30,W,0,0,1006,23,1648663200,-18000
483,Texas,Midland/Odessa,3,Thu 3/31,Clouds,scattered clouds,http://openweathermap.org/img/wn/03d@2x.png,47.37,68.31,29,17,N,0,0,1013,37,1648749600,-18000
484,Texas,Midland/Odessa,4,Fri 4/1,Clouds,broken clouds,http://openweathermap.org/img/wn/04d@2x.png,53.19,81.32,36,22,S,0,0,1010,66,1648836000,-18000
485,Texas,Midland/Odessa,5,Sat 4/2,Clouds,overcast clouds,http://openweathermap.org/img/wn/04d@2x.png,57.24,81.61,52,14,SE,0,0,1014,100,1648922400,-18000
486,Texas,San Angelo,1,Tue 3/29,Rain,light rain,http://openweathermap.org/img/wn/10d@2x.png,63.66,87.28,33,23,S,1.16,0,1004,99,1648576800,-18000
487,Texas,San Angelo,2,Wed 3/30,Clouds,few clouds,http://openweathermap.org/img/wn/02d@2x.png,57.72,70.86,36,30,W,0,0,1006,11,1648663200,-18000
488,Texas,San Angelo,3,Thu 3/31,Clouds,few clouds,http://openweathermap.org/img/wn/02d@2x.png,55.27,70.97,27,16,N,0,0,1012,23,1648749600,-18000
489,Texas,San Angelo,4,Fri 4/1,Clouds,broken clouds,http://openweathermap.org/img/wn/04d@2x.png,51.21,81.88,30,22,S,0,0,1011,83,1648836000,-18000
490,Texas,San Angelo,5,Sat 4/2,Clouds,overcast clouds,http://openweathermap.org/img/wn/04d@2x.png,58.73,86.05,50,11,SE,0,0,1015,100,1648922400,-18000
491,Arizona,Flagstaff,1,Tue 3/29,Snow,rain and snow,http://openweathermap.org/img/wn/13d@2x.png,30.31,35.55,90,17,S,10.81,1.33,1007,100,1648580400,-25200
492,Arizona,Flagstaff,2,Wed 3/30,Clouds,broken clouds,http://openweathermap.org/img/wn/04d@2x.png,26.55,48.99,60,16,W,0,0,1011,57,1648666800,-25200
493,Arizona,Flagstaff,3,Thu 3/31,Rain,light rain,http://openweathermap.org/img/wn/10d@2x.png,35.51,51.08,48,11,S,0.3,0,1010,90,1648753200,-25200
494,Arizona,Flagstaff,4,Fri 4/1,Clouds,broken clouds,http://openweathermap.org/img/wn/04d@2x.png,34.48,59.43,34,8,SW,0,0,1012,52,1648839600,-25200
495,Arizona,Flagstaff,5,Sat 4/2,Clouds,scattered clouds,http://openweathermap.org/img/wn/03d@2x.png,39.79,59.61,32,12,S,0,0,1014,42,1648926000,-25200
496,Arizona,Phoenix,1,Tue 3/29,Rain,moderate rain,http://openweathermap.org/img/wn/10d@2x.png,55.31,67.68,35,20,S,5.28,0,1009,44,1648580400,-25200
497,Arizona,Phoenix,2,Wed 3/30,Clear,sky is clear,http://openweathermap.org/img/wn/01d@2x.png,57.4,77.04,31,12,SW,0,0,1013,5,1648666800,-25200
498,Arizona,Phoenix,3,Thu 3/31,Clouds,broken clouds,http://openweathermap.org/img/wn/04d@2x.png,64.13,79.45,28,6,SE,0,0,1009,68,1648753200,-25200
499,Arizona,Phoenix,4,Fri 4/1,Clouds,scattered clouds,http://openweathermap.org/img/wn/03d@2x.png,65.14,81.36,22,5,E,0,0,1011,39,1648839600,-25200
500,Arizona,Phoenix,5,Sat 4/2,Clouds,overcast clouds,http://openweathermap.org/img/wn/04d@2x.png,67.35,83.66,25,8,W,0,0,1013,100,1648926000,-25200
501,Arizona,Tucson,1,Tue 3/29,Rain,moderate rain,http://openweathermap.org/img/wn/10d@2x.png,54.45,64.53,58,22,W,11.69,0,1011,100,1648580400,-25200
502,Arizona,Tucson,2,Wed 3/30,Clear,sky is clear,http://openweathermap.org/img/wn/01d@2x.png,54.25,72.25,32,18,W,0,0,1013,0,1648666800,-25200
503,Arizona,Tucson,3,Thu 3/31,Clouds,few clouds,http://openweathermap.org/img/wn/02d@2x.png,60.35,76.77,23,10,W,0,0,1009,18,1648753200,-25200
504,Arizona,Tucson,4,Fri 4/1,Clear,sky is clear,http://openweathermap.org/img/wn/01d@2x.png,61.11,79.48,23,7,SW,0,0,1011,8,1648839600,-25200
505,Arizona,Tucson,5,Sat 4/2,Clouds,overcast clouds,http://openweathermap.org/img/wn/04d@2x.png,66.72,81.7,20,14,SW,0,0,1013,100,1648926000,-25200
506,California,Eureka,1,Tue 3/29,Clouds,overcast clouds,http://openweathermap.org/img/wn/04d@2x.png,46.89,54.37,83,11,NW,0,0,1019,100,1648584000,-25200
507,California,Eureka,2,Wed 3/30,Clouds,overcast clouds,http://openweathermap.org/img/wn/04d@2x.png,43.75,52.65,74,19,NW,0,0,1023,100,1648670400,-25200
508,California,Eureka,3,Thu 3/31,Clouds,overcast clouds,http://openweathermap.org/img/wn/04d@2x.png,44.98,52.99,64,19,NW,0,0,1018,99,1648756800,-25200
509,California,Eureka,4,Fri 4/1,Clouds,scattered clouds,http://openweathermap.org/img/wn/03d@2x.png,44.8,53.58,64,14,NW,0,0,1019,48,1648843200,-25200
510,California,Eureka,5,Sat 4/2,Clouds,overcast clouds,http://openweathermap.org/img/wn/04d@2x.png,44.42,54.99,68,12,NW,0,0,1019,100,1648929600,-25200
511,California,Los Angeles/Oxnard,1,Tue 3/29,Clear,sky is clear,http://openweathermap.org/img/wn/01d@2x.png,50.16,62.2,60,16,SW,0,0,1014,0,1648584000,-25200
512,California,Los Angeles/Oxnard,2,Wed 3/30,Clouds,scattered clouds,http://openweathermap.org/img/wn/03d@2x.png,54.16,61.47,73,10,SW,0,0,1016,27,1648670400,-25200
513,California,Los Angeles/Oxnard,3,Thu 3/31,Clouds,overcast clouds,http://openweathermap.org/img/wn/04d@2x.png,54.25,60.31,71,9,SW,0,0,1011,94,1648756800,-25200
514,California,Los Angeles/Oxnard,4,Fri 4/1,Clouds,scattered clouds,http://openweathermap.org/img/wn/03d@2x.png,55.89,62.42,70,10,SW,0,0,1012,27,1648843200,-25200
515,California,Los Angeles/Oxnard,5,Sat 4/2,Clouds,scattered clouds,http://openweathermap.org/img/wn/03d@2x.png,55.63,62.38,73,10,S,0,0,1015,40,1648929600,-25200
516,California,Sacramento,1,Tue 3/29,Clouds,scattered clouds,http://openweathermap.org/img/wn/03d@2x.png,45.09,69.15,57,8,S,0,0,1015,34,1648584000,-25200
517,California,Sacramento,2,Wed 3/30,Clouds,overcast clouds,http://openweathermap.org/img/wn/04d@2x.png,46.18,64.51,58,7,SE,0,0,1018,100,1648670400,-25200
518,California,Sacramento,3,Thu 3/31,Clouds,overcast clouds,http://openweathermap.org/img/wn/04d@2x.png,47.95,69.71,36,7,NW,0,0,1011,100,1648756800,-25200
519,California,Sacramento,4,Fri 4/1,Clouds,scattered clouds,http://openweathermap.org/img/wn/03d@2x.png,47.5,72.34,37,4,W,0,0,1012,31,1648843200,-25200
520,California,Sacramento,5,Sat 4/2,Clouds,overcast clouds,http://openweathermap.org/img/wn/04d@2x.png,50.4,74.01,38,5,W,0,0,1013,97,1648929600,-25200
521,California,San Diego,1,Tue 3/29,Rain,moderate rain,http://openweathermap.org/img/wn/10d@2x.png,51.39,61.97,64,12,SW,6.25,0,1014,64,1648580400,-25200
522,California,San Diego,2,Wed 3/30,Clear,sky is clear,http://openweathermap.org/img/wn/01d@2x.png,51.67,67.51,54,12,SW,0,0,1016,0,1648666800,-25200
523,California,San Diego,3,Thu 3/31,Clouds,overcast clouds,http://openweathermap.org/img/wn/04d@2x.png,55.31,64.72,63,12,S,0,0,1012,100,1648753200,-25200
524,California,San Diego,4,Fri 4/1,Clouds,scattered clouds,http://openweathermap.org/img/wn/03d@2x.png,52.84,68.76,58,12,SW,0,0,1012,28,1648839600,-25200
525,California,San Diego,5,Sat 4/2,Clouds,broken clouds,http://openweathermap.org/img/wn/04d@2x.png,53.33,66.61,73,10,SW,0,0,1016,84,1648926000,-25200
526,California,San Francisco Bay Area/Monterey,1,Tue 3/29,Rain,light rain,http://openweathermap.org/img/wn/10d@2x.png,49.69,55.58,82,15,W,0.1,0,1018,86,1648584000,-25200
527,California,San Francisco Bay Area/Monterey,2,Wed 3/30,Clouds,overcast clouds,http://openweathermap.org/img/wn/04d@2x.png,48.83,55.13,68,16,W,0,0,1020,100,1648670400,-25200
528,California,San Francisco Bay Area/Monterey,3,Thu 3/31,Clouds,overcast clouds,http://openweathermap.org/img/wn/04d@2x.png,48.36,55.87,76,13,W,0,0,1014,100,1648756800,-25200
529,California,San Francisco Bay Area/Monterey,4,Fri 4/1,Clear,sky is clear,http://openweathermap.org/img/wn/01d@2x.png,48.99,58.68,73,11,W,0,0,1014,0,1648843200,-25200
530,California,San Francisco Bay Area/Monterey,5,Sat 4/2,Clouds,scattered clouds,http://openweathermap.org/img/wn/03d@2x.png,50.95,60.98,70,8,W,0,0,1015,37,1648929600,-25200
531,California,San Joaquin Valley/Hanford,1,Tue 3/29,Clouds,broken clouds,http://openweathermap.org/img/wn/04d@2x.png,47.16,64.35,52,11,NW,0,0,1016,79,1648584000,-25200
532,California,San Joaquin Valley/Hanford,2,Wed 3/30,Clouds,overcast clouds,http://openweathermap.org/img/wn/04d@2x.png,49.32,70,49,12,NW,0,0,1017,100,1648670400,-25200
533,California,San Joaquin Valley/Hanford,3,Thu 3/31,Clouds,overcast clouds,http://openweathermap.org/img/wn/04d@2x.png,46.87,70.7,44,9,NW,0,0,1011,100,1648756800,-25200
534,California,San Joaquin Valley/Hanford,4,Fri 4/1,Clear,sky is clear,http://openweathermap.org/img/wn/01d@2x.png,50.83,76.55,36,8,NW,0,0,1011,0,1648843200,-25200
535,California,San Joaquin Valley/Hanford,5,Sat 4/2,Clouds,scattered clouds,http://openweathermap.org/img/wn/03d@2x.png,53.73,79.65,25,8,NW,0,0,1012,32,1648929600,-25200
536,Idaho,Boise,1,Tue 3/29,Clear,sky is clear,http://openweathermap.org/img/wn/01d@2x.png,41.61,63.45,46,21,W,0,0,1007,1,1648580400,-21600
537,Idaho,Boise,2,Wed 3/30,Clouds,overcast clouds,http://openweathermap.org/img/wn/04d@2x.png,42.73,59.38,43,15,W,0,0,1013,99,1648666800,-21600
538,Idaho,Boise,3,Thu 3/31,Clear,sky is clear,http://openweathermap.org/img/wn/01d@2x.png,36.37,50.67,47,16,W,0,0,1016,8,1648753200,-21600
539,Idaho,Boise,4,Fri 4/1,Clouds,broken clouds,http://openweathermap.org/img/wn/04d@2x.png,36.54,55.53,37,5,W,0,0,1017,59,1648839600,-21600
540,Idaho,Boise,5,Sat 4/2,Clouds,broken clouds,http://openweathermap.org/img/wn/04d@2x.png,40.53,54.09,38,12,W,0,0,1021,79,1648926000,-21600
541,Idaho,Pocatello,1,Tue 3/29,Rain,light rain,http://openweathermap.org/img/wn/10d@2x.png,41.85,54.12,77,14,NW,2.88,0,1005,100,1648580400,-21600
542,Idaho,Pocatello,2,Wed 3/30,Clouds,scattered clouds,http://openweathermap.org/img/wn/03d@2x.png,35.91,56.01,50,15,SW,0,0,1011,37,1648666800,-21600
543,Idaho,Pocatello,3,Thu 3/31,Clouds,overcast clouds,http://openweathermap.org/img/wn/04d@2x.png,37.29,47.28,42,21,SW,0,0,1014,100,1648753200,-21600
544,Idaho,Pocatello,4,Fri 4/1,Clouds,scattered clouds,http://openweathermap.org/img/wn/03d@2x.png,32.61,51.04,37,12,SW,0,0,1016,36,1648839600,-21600
545,Idaho,Pocatello,5,Sat 4/2,Clouds,broken clouds,http://openweathermap.org/img/wn/04d@2x.png,38.07,53.4,38,20,SW,0,0,1016,84,1648926000,-21600
546,Montana,Billings,1,Tue 3/29,Snow,rain and snow,http://openweathermap.org/img/wn/13d@2x.png,36.05,59.54,62,18,N,2.68,1.68,1013,100,1648580400,-21600
547,Montana,Billings,2,Wed 3/30,Clouds,scattered clouds,http://openweathermap.org/img/wn/03d@2x.png,30.97,58.89,31,7,SE,0,0,1008,27,1648666800,-21600
548,Montana,Billings,3,Thu 3/31,Clouds,broken clouds,http://openweathermap.org/img/wn/04d@2x.png,40.46,51.03,32,15,NW,0,0,1008,83,1648753200,-21600
549,Montana,Billings,4,Fri 4/1,Snow,rain and snow,http://openweathermap.org/img/wn/13d@2x.png,35.26,53.46,29,12,W,0.32,0.41,1014,10,1648839600,-21600
550,Montana,Billings,5,Sat 4/2,Clear,sky is clear,http://openweathermap.org/img/wn/01d@2x.png,39.74,60.17,28,23,W,0,0,1009,4,1648926000,-21600
551,Montana,Glasgow,1,Tue 3/29,Rain,light rain,http://openweathermap.org/img/wn/10d@2x.png,33.66,56.48,47,25,NW,1.02,0,1011,98,1648580400,-21600
552,Montana,Glasgow,2,Wed 3/30,Clouds,few clouds,http://openweathermap.org/img/wn/02d@2x.png,24.4,49.08,31,8,E,0,0,1012,16,1648666800,-21600
553,Montana,Glasgow,3,Thu 3/31,Clouds,broken clouds,http://openweathermap.org/img/wn/04d@2x.png,38.08,48.79,59,24,W,0,0,1006,57,1648753200,-21600
554,Montana,Glasgow,4,Fri 4/1,Clouds,broken clouds,http://openweathermap.org/img/wn/04d@2x.png,34.93,49.98,34,17,W,0,0,1014,69,1648839600,-21600
555,Montana,Glasgow,5,Sat 4/2,Rain,light rain,http://openweathermap.org/img/wn/10d@2x.png,37.8,55.56,28,23,SW,0.38,0,1007,54,1648926000,-21600
556,Montana,Great Falls,1,Tue 3/29,Snow,rain and snow,http://openweathermap.org/img/wn/13d@2x.png,31.17,45.34,59,19,NW,10.21,5.52,1017,100,1648580400,-21600
557,Montana,Great Falls,2,Wed 3/30,Clear,sky is clear,http://openweathermap.org/img/wn/01d@2x.png,32.94,59.68,44,17,SW,0,0,1005,9,1648666800,-21600
558,Montana,Great Falls,3,Thu 3/31,Snow,rain and snow,http://openweathermap.org/img/wn/13d@2x.png,38.8,47.01,38,15,SW,1.49,1.3,1010,69,1648753200,-21600
559,Montana,Great Falls,4,Fri 4/1,Snow,light snow,http://openweathermap.org/img/wn/13d@2x.png,32.16,51.89,44,12,SW,0,0.12,1014,37,1648839600,-21600
560,Montana,Great Falls,5,Sat 4/2,Clouds,few clouds,http://openweathermap.org/img/wn/02d@2x.png,38.89,48.13,35,29,SW,0,0,1010,20,1648926000,-21600
561,Montana,Missoula,1,Tue 3/29,Snow,rain and snow,http://openweathermap.org/img/wn/13d@2x.png,34.02,43.74,96,5,N,1.18,0.3,1015,100,1648580400,-21600
562,Montana,Missoula,2,Wed 3/30,Clouds,overcast clouds,http://openweathermap.org/img/wn/04d@2x.png,31.87,53.31,54,13,W,0,0,1010,87,1648666800,-21600
563,Montana,Missoula,3,Thu 3/31,Snow,rain and snow,http://openweathermap.org/img/wn/13d@2x.png,30.74,42.06,50,12,W,0.94,1.09,1014,81,1648753200,-21600
564,Montana,Missoula,4,Fri 4/1,Clouds,scattered clouds,http://openweathermap.org/img/wn/03d@2x.png,28.36,48.42,43,7,W,0,0,1016,50,1648839600,-21600
565,Montana,Missoula,5,Sat 4/2,Snow,rain and snow,http://openweathermap.org/img/wn/13d@2x.png,32.04,43.32,46,19,SW,0.68,0.63,1017,74,1648926000,-21600
566,Nevada,Elko,1,Tue 3/29,Rain,light rain,http://openweathermap.org/img/wn/10d@2x.png,42.28,54.36,46,23,NW,0.67,0,1006,98,1648580400,-25200
567,Nevada,Elko,2,Wed 3/30,Rain,light rain,http://openweathermap.org/img/wn/10d@2x.png,39.43,58.53,34,10,W,2.26,0,1011,100,1648666800,-25200
568,Nevada,Elko,3,Thu 3/31,Snow,rain and snow,http://openweathermap.org/img/wn/13d@2x.png,39.33,50.99,42,14,W,1.58,0.18,1012,53,1648753200,-25200
569,Nevada,Elko,4,Fri 4/1,Clear,sky is clear,http://openweathermap.org/img/wn/01d@2x.png,36.16,56.68,32,10,SW,0,0,1014,2,1648839600,-25200
570,Nevada,Elko,5,Sat 4/2,Clouds,scattered clouds,http://openweathermap.org/img/wn/03d@2x.png,42.03,58.44,28,8,N,0,0,1015,50,1648926000,-25200
571,Nevada,Las Vegas,1,Tue 3/29,Clouds,few clouds,http://openweathermap.org/img/wn/02d@2x.png,49.24,71.15,36,16,W,0,0,1007,21,1648580400,-25200
572,Nevada,Las Vegas,2,Wed 3/30,Clouds,overcast clouds,http://openweathermap.org/img/wn/04d@2x.png,57.09,75.42,19,15,SW,0,0,1010,100,1648666800,-25200
573,Nevada,Las Vegas,3,Thu 3/31,Clouds,few clouds,http://openweathermap.org/img/wn/02d@2x.png,56.37,74.32,29,14,S,0,0,1007,17,1648753200,-25200
574,Nevada,Las Vegas,4,Fri 4/1,Clouds,scattered clouds,http://openweathermap.org/img/wn/03d@2x.png,61.25,78.76,24,12,S,0,0,1010,27,1648839600,-25200
575,Nevada,Las Vegas,5,Sat 4/2,Clear,sky is clear,http://openweathermap.org/img/wn/01d@2x.png,63.77,79.9,19,12,SW,0,0,1011,5,1648926000,-25200
576,Nevada,Reno,1,Tue 3/29,Clouds,few clouds,http://openweathermap.org/img/wn/02d@2x.png,41.47,60.53,45,13,NW,0,0,1012,15,1648584000,-25200
577,Nevada,Reno,2,Wed 3/30,Clouds,overcast clouds,http://openweathermap.org/img/wn/04d@2x.png,43.99,59.2,41,13,SW,0,0,1012,100,1648670400,-25200
578,Nevada,Reno,3,Thu 3/31,Clouds,overcast clouds,http://openweathermap.org/img/wn/04d@2x.png,40.44,56.55,32,6,N,0,0,1011,100,1648756800,-25200
579,Nevada,Reno,4,Fri 4/1,Clear,sky is clear,http://openweathermap.org/img/wn/01d@2x.png,43.65,63.82,22,6,N,0,0,1011,7,1648843200,-25200
580,Nevada,Reno,5,Sat 4/2,Rain,light rain,http://openweathermap.org/img/wn/10d@2x.png,47.88,61.54,25,6,N,0.3,0,1014,47,1648929600,-25200
581,Oregon,Medford,1,Tue 3/29,Clouds,scattered clouds,http://openweathermap.org/img/wn/03d@2x.png,45,64.69,53,4,NW,0,0,1015,29,1648584000,-25200
582,Oregon,Medford,2,Wed 3/30,Clouds,overcast clouds,http://openweathermap.org/img/wn/04d@2x.png,40.28,55,47,11,NW,0,0,1022,100,1648670400,-25200
583,Oregon,Medford,3,Thu 3/31,Clouds,overcast clouds,http://openweathermap.org/img/wn/04d@2x.png,36.9,54.28,44,4,NW,0,0,1020,100,1648756800,-25200
584,Oregon,Medford,4,Fri 4/1,Clouds,broken clouds,http://openweathermap.org/img/wn/04d@2x.png,34.59,62.04,34,6,NW,0,0,1017,64,1648843200,-25200
585,Oregon,Medford,5,Sat 4/2,Clouds,broken clouds,http://openweathermap.org/img/wn/04d@2x.png,36.86,64.08,34,4,NW,0,0,1018,81,1648929600,-25200
586,Oregon,Pendleton,1,Tue 3/29,Clouds,few clouds,http://openweathermap.org/img/wn/02d@2x.png,47.52,62.24,57,8,S,0,0,1013,22,1648580400,-25200
587,Oregon,Pendleton,2,Wed 3/30,Clouds,overcast clouds,http://openweathermap.org/img/wn/04d@2x.png,40.98,52.27,49,22,SW,0,0,1018,100,1648666800,-25200
588,Oregon,Pendleton,3,Thu 3/31,Clouds,scattered clouds,http://openweathermap.org/img/wn/03d@2x.png,38.43,52.02,47,15,SW,0,0,1020,42,1648753200,-25200
589,Oregon,Pendleton,4,Fri 4/1,Clouds,overcast clouds,http://openweathermap.org/img/wn/04d@2x.png,37.6,56.39,49,15,SW,0,0,1017,86,1648839600,-25200
590,Oregon,Pendleton,5,Sat 4/2,Clear,sky is clear,http://openweathermap.org/img/wn/01d@2x.png,40.42,55.65,40,16,SW,0,0,1023,3,1648926000,-25200
591,Oregon,Portland,1,Tue 3/29,Clouds,overcast clouds,http://openweathermap.org/img/wn/04d@2x.png,46.44,57.49,73,6,S,0,0,1017,100,1648584000,-25200
592,Oregon,Portland,2,Wed 3/30,Rain,light rain,http://openweathermap.org/img/wn/10d@2x.png,41.97,53.28,74,6,W,3.36,0,1024,100,1648670400,-25200
593,Oregon,Portland,3,Thu 3/31,Rain,light rain,http://openweathermap.org/img/wn/10d@2x.png,41.49,51.94,59,6,W,1.47,0,1023,99,1648756800,-25200
594,Oregon,Portland,4,Fri 4/1,Rain,light rain,http://openweathermap.org/img/wn/10d@2x.png,38.17,55.67,48,6,SW,1.07,0,1019,91,1648843200,-25200
595,Oregon,Portland,5,Sat 4/2,Rain,light rain,http://openweathermap.org/img/wn/10d@2x.png,42.01,56.07,44,3,NW,0.1,0,1023,71,1648929600,-25200
596,Utah,Salt Lake City,1,Tue 3/29,Rain,light rain,http://openweathermap.org/img/wn/10d@2x.png,48.25,55.04,57,14,SE,3.6,0,1002,100,1648580400,-21600
597,Utah,Salt Lake City,2,Wed 3/30,Rain,light rain,http://openweathermap.org/img/wn/10d@2x.png,44.11,56.41,50,10,W,2.23,0,1011,32,1648666800,-21600
598,Utah,Salt Lake City,3,Thu 3/31,Rain,light rain,http://openweathermap.org/img/wn/10d@2x.png,43.36,50,64,10,W,1.66,0,1010,100,1648753200,-21600
599,Utah,Salt Lake City,4,Fri 4/1,Clouds,scattered clouds,http://openweathermap.org/img/wn/03d@2x.png,39.25,55.06,29,7,NW,0,0,1016,33,1648839600,-21600
600,Utah,Salt Lake City,5,Sat 4/2,Clouds,overcast clouds,http://openweathermap.org/img/wn/04d@2x.png,46.81,59.86,31,9,W,0,0,1014,91,1648926000,-21600
601,Washington,Seattle,1,Tue 3/29,Clouds,overcast clouds,http://openweathermap.org/img/wn/04d@2x.png,42.71,56.41,76,8,S,0,0,1017,100,1648584000,-25200
602,Washington,Seattle,2,Wed 3/30,Rain,light rain,http://openweathermap.org/img/wn/10d@2x.png,42.15,48.6,79,10,S,3.44,0,1022,99,1648670400,-25200
603,Washington,Seattle,3,Thu 3/31,Rain,light rain,http://openweathermap.org/img/wn/10d@2x.png,38.95,51.67,50,5,E,3.89,0,1022,88,1648756800,-25200
604,Washington,Seattle,4,Fri 4/1,Rain,light rain,http://openweathermap.org/img/wn/10d@2x.png,40.39,48.72,61,12,S,2.44,0,1018,100,1648843200,-25200
605,Washington,Seattle,5,Sat 4/2,Rain,light rain,http://openweathermap.org/img/wn/10d@2x.png,38.52,52.65,51,10,S,0.5,0,1022,100,1648929600,-25200
606,Washington,Spokane,1,Tue 3/29,Clear,sky is clear,http://openweathermap.org/img/wn/01d@2x.png,42.98,58.91,51,6,N,0,0,1012,9,1648580400,-25200
607,Washington,Spokane,2,Wed 3/30,Clouds,scattered clouds,http://openweathermap.org/img/wn/03d@2x.png,40.62,52.34,45,19,S,0,0,1013,42,1648666800,-25200
608,Washington,Spokane,3,Thu 3/31,Clouds,scattered clouds,http://openweathermap.org/img/wn/03d@2x.png,33.98,49.98,53,11,SW,0,0,1017,29,1648753200,-25200
609,Washington,Spokane,4,Fri 4/1,Clouds,broken clouds,http://openweathermap.org/img/wn/04d@2x.png,33.67,48.18,52,11,S,0,0,1017,61,1648839600,-25200
610,Washington,Spokane,5,Sat 4/2,Clouds,broken clouds,http://openweathermap.org/img/wn/04d@2x.png,35.85,50.5,42,16,S,0,0,1019,57,1648926000,-25200
